name,label,subgroup,body/invoice_ab:p_invoice,body/invoice_noul:p_invoice,body/doc_type:p_invoice,header_body/invoice_ab:p_invoice,header_body/invoice_noul:p_invoice,header_body/doc_type:p_invoice,body/invoice_ab:answer,body/invoice_noul:answer,body/doc_type:answer,header_body/invoice_ab:answer,header_body/invoice_noul:answer,header_body/doc_type:answer
FACTU2015010036,1,invoice,0.9750,0.9348,0.9994,0.9743,0.8505,0.9998,A,true,invoice,A,true,invoice
FACTU2015010038,1,invoice,0.9751,0.8849,0.9998,0.9715,0.8730,0.9991,A,true,invoice,A,true,invoice
FACTU2015010040,1,invoice,0.9835,0.9270,0.9994,0.9711,0.7905,0.9937,A,true,invoice,A,true,invoice
FACTU2015010041,1,invoice,0.9710,0.9632,0.9994,0.9687,0.8560,1.0000,A,true,invoice,A,true,invoice
FACTU2015010042,1,invoice,0.9735,0.9781,0.9993,0.9579,0.8330,0.9993,A,true,invoice,A,true,invoice
FACTU2015010043,1,invoice,0.9843,0.9613,0.9994,0.9742,0.7664,0.9990,A,true,invoice,A,true,invoice
FACTU2015010044,1,invoice,0.9795,0.9642,0.9981,0.9774,0.8465,1.0000,A,true,invoice,A,true,invoice
FACTU2015020048,1,invoice,0.9635,0.9375,0.9996,0.9596,0.8663,0.9999,A,true,invoice,A,true,invoice
FACTU2015020050,1,invoice,0.9847,1.0000,0.9999,0.9721,0.9143,0.9996,A,true,invoice,A,true,invoice
FACTU2015020051,1,invoice,0.9702,0.9543,0.9995,0.9621,0.8749,0.9996,A,true,invoice,A,true,invoice
FACTU2015020054,1,invoice,0.9766,0.8907,0.9995,0.9684,0.8429,0.9984,A,true,invoice,A,true,invoice
FACTU2015020055,1,invoice,0.9726,0.8796,0.9998,0.9735,0.8460,0.9996,A,true,invoice,A,true,invoice
FACTU2015020056,1,invoice,0.9778,0.9313,0.9996,0.9757,0.8643,0.9992,A,true,invoice,A,true,invoice
FACTU2015020057,1,invoice,0.9771,0.9415,0.9994,0.9657,0.8809,1.0000,A,true,invoice,A,true,invoice
FACTU2015020058,1,invoice,0.9695,0.9303,0.9988,0.9652,0.8888,0.9999,A,true,invoice,A,true,invoice
FACTU2015030047,1,invoice,0.9828,0.8956,0.9993,0.9754,0.6614,0.9989,A,true,invoice,A,true,invoice
FACTU2015030048,1,invoice,0.9788,0.8810,0.9998,0.9758,0.8038,0.9993,A,true,invoice,A,true,invoice
FACTU2015030050,1,invoice,0.9813,0.9550,0.9997,0.9758,0.9286,0.9994,A,true,invoice,A,true,invoice
FACTU2015030051,1,invoice,0.9786,0.8830,0.9999,0.9763,0.8505,0.9999,A,true,invoice,A,true,invoice
FACTU2015030053,1,invoice,0.9759,0.9679,0.9984,0.9617,0.8525,0.9991,A,true,invoice,A,true,invoice
FACTU2015030054,1,invoice,0.9772,0.9507,0.9993,0.9666,0.8956,0.9994,A,true,invoice,A,true,invoice
FACTU2015030055,1,invoice,0.9796,0.9457,0.9993,0.9752,0.8843,1.0000,A,true,invoice,A,true,invoice
FACTU2015030056,1,invoice,0.9797,0.8744,0.9993,0.9666,0.7650,0.9971,A,true,invoice,A,true,invoice
FACTU2015040045,1,invoice,0.9781,0.9633,0.9992,0.9618,0.8425,0.9994,A,true,invoice,A,true,invoice
FACTU2015040046,1,invoice,0.9729,0.9620,0.9991,0.9654,0.8622,0.9938,A,true,invoice,A,true,invoice
FACTU2015040047,1,invoice,0.9749,0.9603,0.9991,0.9596,0.8464,0.9995,A,true,invoice,A,true,invoice
FACTU2015040048,1,invoice,0.9701,0.9301,0.9992,0.9492,0.8110,0.9941,A,true,invoice,A,true,invoice
FACTU2015040053,1,invoice,0.9680,0.8282,0.9986,0.9661,0.7240,0.9897,A,true,invoice,A,true,invoice
FACTU2015040054,1,invoice,0.9783,0.8946,0.9998,0.9809,0.8801,0.9997,A,true,invoice,A,true,invoice
FACTU2015040059,1,invoice,0.9740,0.9301,0.9996,0.9738,0.8796,0.9998,A,true,invoice,A,true,invoice
FACTU2015040060,1,invoice,0.9749,0.9609,0.9988,0.9755,0.8517,0.9980,A,true,invoice,A,true,invoice
FACTU2015040061,1,invoice,0.9709,0.9362,0.9993,0.9594,0.8594,0.9986,A,true,invoice,A,true,invoice
FACTU2015050043,1,invoice,0.9714,0.8909,0.9997,0.9687,0.8482,0.9996,A,true,invoice,A,true,invoice
FACTU2015050044,1,invoice,0.9773,0.9471,0.9996,0.9716,0.8582,1.0000,A,true,invoice,A,true,invoice
FACTU2015050045,1,invoice,0.9677,0.8307,0.9996,0.9685,0.7954,0.9988,A,true,invoice,A,true,invoice
FACTU2015050046,1,invoice,0.9760,0.9716,0.9997,0.9608,0.8056,0.9998,A,true,invoice,A,true,invoice
FACTU2015050047,1,invoice,0.9762,1.0000,0.9998,0.9627,0.8870,0.9991,A,true,invoice,A,true,invoice
FACTU2015050048,1,invoice,0.9766,0.9086,0.9993,0.9747,0.8247,0.9983,A,true,invoice,A,true,invoice
FACTU2015050050,1,invoice,0.9812,0.9250,0.9995,0.9680,0.8091,0.9987,A,true,invoice,A,true,invoice
FACTU2015050051,1,invoice,0.9716,0.9564,0.9996,0.9592,0.8409,1.0000,A,true,invoice,A,true,invoice
FACTU2015050054,1,invoice,0.9718,0.8802,0.9994,0.9689,0.8368,0.9997,A,true,invoice,A,true,invoice
FACTU2015050055,1,invoice,0.9715,0.8403,0.9991,0.9692,0.8331,0.9992,A,true,invoice,A,true,invoice
FACTU2015050056,1,invoice,0.9753,0.9332,0.9989,0.9675,0.8613,0.9996,A,true,invoice,A,true,invoice
FACTU2015050057,1,invoice,0.9830,0.9153,0.9997,0.9711,0.7722,0.9977,A,true,invoice,A,true,invoice
FACTU2015050063,1,invoice,0.9837,1.0000,0.9999,0.9704,0.9162,0.9997,A,true,invoice,A,true,invoice
FACTU2015050064,1,invoice,0.9743,0.9449,0.9989,0.9710,0.7889,0.9997,A,true,invoice,A,true,invoice
FACTU2015050065,1,invoice,0.9813,0.8983,0.9992,0.9685,0.7660,0.9979,A,true,invoice,A,true,invoice
FACTU2015050066,1,invoice,0.9748,0.9402,0.9981,0.9653,0.8301,0.9886,A,true,invoice,A,true,invoice
FACTU2015050067,1,invoice,0.9743,0.9546,0.9991,0.9579,0.6971,0.9929,A,true,invoice,A,true,invoice
FACTU2015050068,1,invoice,0.9678,0.9627,0.9995,0.9689,0.8472,0.9991,A,true,invoice,A,true,invoice
FACTU2015060038,1,invoice,0.9827,0.9217,0.9996,0.9674,0.8212,0.9987,A,true,invoice,A,true,invoice
FACTU2015060039,1,invoice,0.9773,0.9859,0.9995,0.9716,0.9366,0.9997,A,true,invoice,A,true,invoice
FACTU2015060040,1,invoice,0.9611,0.9312,0.9991,0.9545,0.8156,0.9998,A,true,invoice,A,true,invoice
FACTU2015060043,1,invoice,0.9752,0.8890,0.9997,0.9744,0.8152,0.9997,A,true,invoice,A,true,invoice
FACTU2015060047,1,invoice,0.9788,1.0000,0.9997,0.9698,0.9473,0.9993,A,true,invoice,A,true,invoice
FACTU2015060048,1,invoice,0.9659,0.9461,0.9982,0.9633,0.7838,0.9555,A,true,invoice,A,true,invoice
FACTU2015060050,1,invoice,0.9784,0.8906,0.9998,0.9781,0.8625,0.9997,A,true,invoice,A,true,invoice
FACTU2015060051,1,invoice,0.9843,1.0000,0.9997,0.9776,0.9630,0.9997,A,true,invoice,A,true,invoice
FACTU2015060052,1,invoice,0.9757,0.9349,0.9986,0.9714,0.8549,0.9945,A,true,invoice,A,true,invoice
FACTU2015060053,1,invoice,0.9798,0.9657,0.9998,0.9662,0.8586,0.9997,A,true,invoice,A,true,invoice
FACTU2015060054,1,invoice,0.9710,0.9824,0.9996,0.9328,0.7688,0.9992,A,true,invoice,A,true,invoice
FACTU2015060055,1,invoice,0.9778,0.8695,0.9993,0.9664,0.7586,0.9983,A,true,invoice,A,true,invoice
FACTU2015060056,1,invoice,0.9824,0.8968,0.9998,0.9768,0.8878,0.9996,A,true,invoice,A,true,invoice
FACTU2015070049,1,invoice,0.9781,0.8903,0.9999,0.9763,0.7399,0.9985,A,true,invoice,A,true,invoice
FACTU2015070050,1,invoice,0.9617,0.9137,0.9992,0.9480,0.8528,0.9990,A,true,invoice,A,true,invoice
FACTU2015070056,1,invoice,0.9365,0.8465,0.9988,0.8834,0.8179,0.9901,A,true,invoice,A,true,invoice
FACTU2015070057,1,invoice,0.9755,0.9569,0.9996,0.9666,0.8643,0.9999,A,true,invoice,A,true,invoice
FACTU2015070058,1,invoice,0.9750,0.9567,0.9984,0.9688,0.8574,0.9959,A,true,invoice,A,true,invoice
FACTU2015070061,1,invoice,0.9760,0.8867,0.9994,0.9668,0.5913,0.9986,A,true,invoice,A,true,invoice
FACTU2015070062,1,invoice,0.9859,0.9597,0.9999,0.9736,0.8492,0.9995,A,true,invoice,A,true,invoice
FACTU2015070063,1,invoice,0.9679,0.9270,0.9980,0.9687,0.7658,0.9957,A,true,invoice,A,true,invoice
FACTU2015070064,1,invoice,0.9778,0.9403,0.9986,0.9729,0.8169,0.9964,A,true,invoice,A,true,invoice
FACTU2015070065,1,invoice,0.9831,1.0000,0.9999,0.9607,0.9024,0.9994,A,true,invoice,A,true,invoice
FACTU2015070066,1,invoice,0.9751,0.9256,0.9996,0.9691,0.8584,1.0000,A,true,invoice,A,true,invoice
FACTU2015070067,1,invoice,0.9585,0.9305,0.9991,0.9532,0.8510,0.9998,A,true,invoice,A,true,invoice
FACTU2015070068,1,invoice,0.9714,0.9660,0.9993,0.9549,0.8577,0.9983,A,true,invoice,A,true,invoice
FACTU2015070069,1,invoice,0.9765,0.9972,0.9994,0.9640,0.8646,0.9996,A,true,invoice,A,true,invoice
FACTU2015080053,1,invoice,0.9817,0.9160,0.9994,0.9772,0.9296,0.9967,A,true,invoice,A,true,invoice
FACTU2015080054,1,invoice,0.9740,0.9564,0.9996,0.9655,0.8875,1.0000,A,true,invoice,A,true,invoice
FACTU2015080055,1,invoice,0.9688,0.9688,0.9991,0.9557,0.8478,0.9993,A,true,invoice,A,true,invoice
FACTU2015080057,1,invoice,0.9844,1.0000,0.9996,0.9742,0.9641,0.9996,A,true,invoice,A,true,invoice
FACTU2015080058,1,invoice,0.9748,0.8887,0.9997,0.9769,0.8679,0.9996,A,true,invoice,A,true,invoice
FACTU2015080059,1,invoice,0.9835,0.9651,0.9997,0.9746,0.8753,0.9996,A,true,invoice,A,true,invoice
FACTU2015080064,1,invoice,0.9826,0.9296,0.9996,0.9759,0.7784,0.9986,A,true,invoice,A,true,invoice
FACTU2015080065,1,invoice,0.9799,0.9985,0.9997,0.9772,0.9964,0.9995,A,true,invoice,A,true,invoice
FACTU2015080066,1,invoice,0.9609,0.9219,0.9995,0.9561,0.8454,0.9997,A,true,invoice,A,true,invoice
FACTU2015080069,1,invoice,0.9782,0.8999,0.9999,0.9718,0.7157,0.9978,A,true,invoice,A,true,invoice
FACTU2015080070,1,invoice,0.9640,0.9281,0.9997,0.9345,0.7903,0.9992,A,true,invoice,A,true,invoice
FACTU2015080071,1,invoice,0.9769,0.9110,0.9996,0.9753,0.8399,0.9994,A,true,invoice,A,true,invoice
FACTU2015080072,1,invoice,0.9754,0.9999,0.9973,0.9609,0.9126,0.9994,A,true,invoice,A,true,invoice
FACTU2015080073,1,invoice,0.9823,0.9618,0.9989,0.9762,0.8675,0.9998,A,true,invoice,A,true,invoice
FACTU2015080074,1,invoice,0.9788,0.7830,0.9993,0.9701,0.5547,0.9990,A,true,invoice,A,true,invoice
FACTU2015080075,1,invoice,0.9808,0.9462,0.9994,0.9663,0.8479,0.9982,A,true,invoice,A,true,invoice
FACTU2015080076,1,invoice,0.9791,0.8949,0.9993,0.9696,0.6588,0.9981,A,true,invoice,A,true,invoice
FACTU2015080077,1,invoice,0.9814,1.0000,0.9996,0.9713,0.9406,0.9995,A,true,invoice,A,true,invoice
FACTU2015080078,1,invoice,0.9840,1.0000,0.9997,0.9697,0.9280,0.9994,A,true,invoice,A,true,invoice
FACTU2015080079,1,invoice,0.9719,0.9441,0.9996,0.9578,0.8338,0.9998,A,true,invoice,A,true,invoice
FACTU2015090047,1,invoice,0.9777,0.8757,0.9997,0.9752,0.8453,0.9997,A,true,invoice,A,true,invoice
FACTU2015090048,1,invoice,0.9688,0.9581,0.9996,0.9569,0.8336,1.0000,A,true,invoice,A,true,invoice
FACTU2015090050,1,invoice,0.9824,0.9999,0.9997,0.9684,0.9603,0.9993,A,true,invoice,A,true,invoice
FACTU2015090051,1,invoice,0.9778,0.9592,0.9944,0.9722,0.8098,0.9846,A,true,invoice,A,true,invoice
FACTU2015090052,1,invoice,0.9770,0.9624,0.9951,0.9689,0.8262,0.9894,A,true,invoice,A,true,invoice
FACTU2015090054,1,invoice,0.9734,0.9383,0.9997,0.9694,0.8228,0.9995,A,true,invoice,A,true,invoice
FACTU2015090055,1,invoice,0.9779,0.9921,0.9996,0.9717,0.8808,1.0000,A,true,invoice,A,true,invoice
FACTU2015090057,1,invoice,0.9825,1.0000,0.9999,0.9814,0.9679,0.9998,A,true,invoice,A,true,invoice
FACTU2015090058,1,invoice,0.9663,0.9479,0.9924,0.9641,0.8784,0.9998,A,true,invoice,A,true,invoice
FACTU2015090059,1,invoice,0.9806,0.9202,0.9997,0.9758,0.8680,1.0000,A,true,invoice,A,true,invoice
FACTU2015090060,1,invoice,0.9815,0.9571,0.9993,0.9661,0.5934,0.9927,A,true,invoice,A,true,invoice
FACTU2015090061,1,invoice,0.9747,0.9520,0.9960,0.9571,0.8416,0.9996,A,true,invoice,A,true,invoice
FACTU2015090062,1,invoice,0.9778,0.8783,0.9996,0.9761,0.8833,0.9996,A,true,invoice,A,true,invoice
FACTU2015090063,1,invoice,0.9726,0.9236,0.9996,0.9503,0.8346,0.9991,A,true,invoice,A,true,invoice
FACTU2015090064,1,invoice,0.9739,0.9605,0.9981,0.9566,0.8939,0.9992,A,true,invoice,A,true,invoice
FACTU2015090065,1,invoice,0.9742,0.9110,0.9996,0.9669,0.7424,1.0000,A,true,invoice,A,true,invoice
FACTU2015090066,1,invoice,0.9801,0.9209,0.9997,0.9768,0.8736,1.0000,A,true,invoice,A,true,invoice
FACTU2015090067,1,invoice,0.9839,0.9314,0.9996,0.9752,0.8074,0.9991,A,true,invoice,A,true,invoice
FACTU2015100043,1,invoice,0.9820,0.9773,0.9995,0.9752,0.8585,0.9981,A,true,invoice,A,true,invoice
FACTU2015100044,1,invoice,0.9760,0.9578,0.9994,0.9706,0.8153,0.9957,A,true,invoice,A,true,invoice
FACTU2015100046,1,invoice,0.9779,0.9253,0.9994,0.9524,0.6788,0.9918,A,true,invoice,A,true,invoice
FACTU2015100047,1,invoice,0.9835,0.9548,0.9999,0.9720,0.5961,0.9990,A,true,invoice,A,true,invoice
FACTU2015100048,1,invoice,0.9777,0.8882,0.9996,0.9722,0.8131,0.9988,A,true,invoice,A,true,invoice
FACTU2015110043,1,invoice,0.9691,0.9233,0.9972,0.9691,0.8070,0.9560,A,true,invoice,A,true,invoice
FACTU2015110046,1,invoice,0.9756,0.9266,0.9990,0.9733,0.8367,0.9992,A,true,invoice,A,true,invoice
FACTU2015110048,1,invoice,0.9835,0.9104,0.9996,0.9730,0.8208,0.9995,A,true,invoice,A,true,invoice
FACTU2015110049,1,invoice,0.9723,0.9085,0.9994,0.9670,0.7927,0.9974,A,true,invoice,A,true,invoice
FACTU2015110053,1,invoice,0.9766,0.9287,0.9991,0.9745,0.8250,0.9984,A,true,invoice,A,true,invoice
FACTU2015110054,1,invoice,0.9707,0.9209,0.9993,0.9559,0.8496,0.9992,A,true,invoice,A,true,invoice
FACTU2015110055,1,invoice,0.9793,0.9433,0.9998,0.9715,0.8290,0.9999,A,true,invoice,A,true,invoice
FACTU2015110056,1,invoice,0.9785,0.8534,0.9998,0.9661,0.7834,0.9983,A,true,invoice,A,true,invoice
FACTU2015110057,1,invoice,0.9732,0.9638,0.9992,0.9744,0.8779,1.0000,A,true,invoice,A,true,invoice
FACTU2015110058,1,invoice,0.9764,0.8693,0.9994,0.9699,0.4169,0.9988,A,true,invoice,A,false,invoice
FACTU2015120051,1,invoice,0.9715,0.9302,0.9981,0.9578,0.7890,0.9832,A,true,invoice,A,true,invoice
FACTU2015120052,1,invoice,0.9703,0.9335,0.9993,0.9699,0.8507,0.9999,A,true,invoice,A,true,invoice
FACTU2015120053,1,invoice,0.9730,0.8775,0.9998,0.9761,0.8647,0.9993,A,true,invoice,A,true,invoice
FACTU2015120057,1,invoice,0.9740,0.8018,0.9995,0.9635,0.7015,0.9989,A,true,invoice,A,true,invoice
FACTU2015120060,1,invoice,0.9809,0.8589,0.9992,0.9679,0.5850,0.9975,A,true,invoice,A,true,invoice
FACTU2015120062,1,invoice,0.9678,0.9351,0.9971,0.9579,0.8157,0.9996,A,true,invoice,A,true,invoice
FACTU2015120063,1,invoice,0.9723,0.9338,0.9912,0.9563,0.7368,0.9705,A,true,invoice,A,true,invoice
FACTU2015120064,1,invoice,0.9684,0.9184,0.9992,0.9671,0.8431,0.9998,A,true,invoice,A,true,invoice
FACTU2015120065,1,invoice,0.9784,0.9464,0.9979,0.9660,0.8066,0.9959,A,true,invoice,A,true,invoice
FACTU2016010045,1,invoice,0.9758,0.9587,0.9978,0.9715,0.8185,0.9971,A,true,invoice,A,true,invoice
FACTU2016010046,1,invoice,0.9769,0.8722,0.9995,0.9624,0.8576,0.9999,A,true,invoice,A,true,invoice
FACTU2016010049,1,invoice,0.9777,0.9462,0.9985,0.9569,0.8036,0.9890,A,true,invoice,A,true,invoice
FACTU2016010054,1,invoice,0.9655,0.9236,0.9995,0.9447,0.8592,0.9999,A,true,invoice,A,true,invoice
FACTU2016010055,1,invoice,0.9706,0.9375,0.9987,0.9718,0.7625,0.9975,A,true,invoice,A,true,invoice
FACTU2016010056,1,invoice,0.9808,0.8646,0.9995,0.9702,0.7148,0.9980,A,true,invoice,A,true,invoice
FACTU2016020048,1,invoice,0.9749,0.9426,0.9981,0.9661,0.8663,0.9988,A,true,invoice,A,true,invoice
FACTU2016020049,1,invoice,0.9798,0.9135,0.9997,0.9809,0.8591,0.9996,A,true,invoice,A,true,invoice
FACTU2016020050,1,invoice,0.9792,0.9220,0.9996,0.9816,0.9018,0.9999,A,true,invoice,A,true,invoice
FACTU2016020051,1,invoice,0.9656,0.9442,0.9993,0.9706,0.8533,0.9999,A,true,invoice,A,true,invoice
FACTU2016020052,1,invoice,0.9823,1.0000,0.9998,0.9734,0.9430,0.9996,A,true,invoice,A,true,invoice
FACTU2016020055,1,invoice,0.9806,0.8885,0.9995,0.9743,0.8367,0.9997,A,true,invoice,A,true,invoice
FACTU2016020058,1,invoice,0.9620,0.9069,0.9989,0.9579,0.8572,0.9987,A,true,invoice,A,true,invoice
FACTU2016020060,1,invoice,0.9833,1.0000,0.9998,0.9610,0.8920,0.9992,A,true,invoice,A,true,invoice
FACTU2016020061,1,invoice,0.9591,0.9267,0.9984,0.9507,0.8269,0.9988,A,true,invoice,A,true,invoice
FACTU2016020062,1,invoice,0.9655,0.9633,0.9997,0.9506,0.8373,0.9996,A,true,invoice,A,true,invoice
FACTU2016020063,1,invoice,0.9451,0.8327,0.9990,0.9333,0.7096,0.9968,A,true,invoice,A,true,invoice
FACTU2016030039,1,invoice,0.9790,0.8777,0.9997,0.9725,0.7004,0.9992,A,true,invoice,A,true,invoice
FACTU2016030040,1,invoice,0.9756,0.8935,0.9997,0.9791,0.8791,0.9995,A,true,invoice,A,true,invoice
FACTU2016030041,1,invoice,0.9848,0.9145,0.9995,0.9704,0.8269,0.9984,A,true,invoice,A,true,invoice
FACTU2016030042,1,invoice,0.9747,0.9511,0.9975,0.9643,0.8009,0.9830,A,true,invoice,A,true,invoice
FACTU2016030045,1,invoice,0.9607,0.9192,0.9982,0.9535,0.8368,0.9999,A,true,invoice,A,true,invoice
FACTU2016030046,1,invoice,0.9747,0.9998,0.9997,0.9658,0.9139,0.9972,A,true,invoice,A,true,invoice
FACTU2016030049,1,invoice,0.9832,1.0000,0.9998,0.9681,0.9275,0.9995,A,true,invoice,A,true,invoice
FACTU2016030053,1,invoice,0.9706,0.9131,0.9991,0.9587,0.8600,0.9989,A,true,invoice,A,true,invoice
FACTU2016030054,1,invoice,0.9236,0.8216,0.9982,0.9439,0.8322,0.9964,A,true,invoice,A,true,invoice
FACTU2016030055,1,invoice,0.9678,0.8224,0.9993,0.9587,0.8155,0.9978,A,true,invoice,A,true,invoice
FACTU2016030056,1,invoice,0.9754,0.9617,0.9985,0.9751,0.8782,0.9998,A,true,invoice,A,true,invoice
FACTU2016030057,1,invoice,0.9649,0.9373,0.9989,0.9759,0.8965,1.0000,A,true,invoice,A,true,invoice
FACTU2016030058,1,invoice,0.9731,0.9331,0.9995,0.9669,0.8630,1.0000,A,true,invoice,A,true,invoice
FACTU2016040038,1,invoice,0.9793,0.9999,0.9996,0.9732,0.9504,0.9996,A,true,invoice,A,true,invoice
FACTU2016040039,1,invoice,0.9692,0.8142,0.9988,0.9706,0.7053,0.9922,A,true,invoice,A,true,invoice
FACTU2016040040,1,invoice,0.9377,0.7885,0.9986,0.9439,0.8281,0.9994,A,true,invoice,A,true,invoice
FACTU2016040041,1,invoice,0.9551,0.8778,0.9951,0.9471,0.8353,0.9897,A,true,invoice,A,true,invoice
FACTU2016040042,1,invoice,0.9708,0.9542,0.9997,0.9651,0.8702,1.0000,A,true,invoice,A,true,invoice
FACTU2016040043,1,invoice,0.9806,1.0000,0.9997,0.9716,0.9562,0.9992,A,true,invoice,A,true,invoice
FACTU2016040046,1,invoice,0.9815,0.9994,0.9998,0.9561,0.8984,0.9993,A,true,invoice,A,true,invoice
FACTU2016040047,1,invoice,0.9660,0.9408,0.9994,0.9490,0.8511,0.9995,A,true,invoice,A,true,invoice
FACTU2016040048,1,invoice,0.9605,0.8721,0.9964,0.9499,0.7685,0.9975,A,true,invoice,A,true,invoice
FACTU2016040049,1,invoice,0.9769,0.9418,0.9993,0.9655,0.8573,0.9995,A,true,invoice,A,true,invoice
FACTU2016040050,1,invoice,0.9860,0.9366,0.9998,0.9744,0.8789,0.9998,A,true,invoice,A,true,invoice
FACTU2016040051,1,invoice,0.9680,0.8362,0.9995,0.9650,0.7794,0.9994,A,true,invoice,A,true,invoice
FACTU2016050049,1,invoice,0.9840,0.9609,1.0000,0.9742,0.8800,1.0000,A,true,invoice,A,true,invoice
FACTU2016050050,1,invoice,0.9737,0.8769,0.9993,0.9663,0.7864,0.9995,A,true,invoice,A,true,invoice
FACTU2016050051,1,invoice,0.9744,0.9371,0.9994,0.9706,0.8314,0.9968,A,true,invoice,A,true,invoice
FACTU2016050052,1,invoice,0.9595,0.9466,0.9995,0.9591,0.8127,1.0000,A,true,invoice,A,true,invoice
FACTU2016050053,1,invoice,0.9795,0.8723,0.9977,0.9694,0.8451,0.9971,A,true,invoice,A,true,invoice
FACTU2016050054,1,invoice,0.9835,0.9480,0.9999,0.9675,0.8738,0.9994,A,true,invoice,A,true,invoice
FACTU2016050055,1,invoice,0.9781,0.9492,0.9996,0.9739,0.8693,1.0000,A,true,invoice,A,true,invoice
FACTU2016050060,1,invoice,0.9752,0.9519,0.9981,0.9656,0.8096,0.9967,A,true,invoice,A,true,invoice
FACTU2016050061,1,invoice,0.9716,0.8758,0.9990,0.9617,0.8023,0.9980,A,true,invoice,A,true,invoice
FACTU2016050062,1,invoice,0.9791,0.9597,0.9993,0.9729,0.8549,0.9959,A,true,invoice,A,true,invoice
FACTU2016050063,1,invoice,0.9745,0.9397,0.9996,0.9704,0.8493,1.0000,A,true,invoice,A,true,invoice
FACTU2016050064,1,invoice,0.9772,0.9596,0.9939,0.9696,0.8557,0.9904,A,true,invoice,A,true,invoice
FACTU2016050065,1,invoice,0.9712,0.8655,0.9997,0.9769,0.8241,0.9995,A,true,invoice,A,true,invoice
FACTU2016050066,1,invoice,0.9733,0.9897,0.9995,0.9630,0.8697,0.9997,A,true,invoice,A,true,invoice
FACTU2016050067,1,invoice,0.9728,0.9167,0.9993,0.9767,0.8670,0.9991,A,true,invoice,A,true,invoice
FACTU2016050068,1,invoice,0.9778,0.9068,0.9997,0.9786,0.8442,0.9997,A,true,invoice,A,true,invoice
FACTU2016050069,1,invoice,0.9816,0.9594,0.9995,0.9676,0.7536,0.9983,A,true,invoice,A,true,invoice
FACTU2016050070,1,invoice,0.9801,0.9458,0.9995,0.9607,0.8538,0.9977,A,true,invoice,A,true,invoice
FACTU2016050071,1,invoice,0.9599,0.9227,0.9984,0.8889,0.8070,0.9965,A,true,invoice,A,true,invoice
FACTU2016060042,1,invoice,0.9592,0.8941,0.9991,0.9466,0.8234,0.9984,A,true,invoice,A,true,invoice
FACTU2016060043,1,invoice,0.9792,0.9062,0.9997,0.9740,0.8678,0.9993,A,true,invoice,A,true,invoice
FACTU2016060045,1,invoice,0.9755,0.8620,0.9993,0.9579,0.8247,0.9983,A,true,invoice,A,true,invoice
FACTU2016060048,1,invoice,0.9764,0.8634,0.9993,0.9717,0.8051,0.9978,A,true,invoice,A,true,invoice
FACTU2016060049,1,invoice,0.9732,0.9486,0.9995,0.9719,0.8706,1.0000,A,true,invoice,A,true,invoice
FACTU2016060055,1,invoice,0.9796,0.9558,0.9993,0.9706,0.7882,0.9981,A,true,invoice,A,true,invoice
FACTU2016060056,1,invoice,0.9796,0.9663,0.9993,0.9671,0.8472,0.9982,A,true,invoice,A,true,invoice
FACTU2016060057,1,invoice,0.9778,0.8950,0.9997,0.9727,0.8616,0.9991,A,true,invoice,A,true,invoice
FACTU2016060058,1,invoice,0.9640,0.8862,0.9991,0.9538,0.8417,0.9993,A,true,invoice,A,true,invoice
FACTU2016060059,1,invoice,0.9814,0.9592,0.9994,0.9655,0.8026,0.9988,A,true,invoice,A,true,invoice
FACTU2016060060,1,invoice,0.9805,0.9451,0.9996,0.9737,0.8218,0.9995,A,true,invoice,A,true,invoice
FACTU2016060061,1,invoice,0.9746,0.9451,0.9996,0.9653,0.8613,0.9993,A,true,invoice,A,true,invoice
FACTU2016060062,1,invoice,0.9779,0.8761,0.9997,0.9692,0.8154,0.9995,A,true,invoice,A,true,invoice
FACTU2016070035,1,invoice,0.9620,0.9481,0.9994,0.9596,0.8251,0.9993,A,true,invoice,A,true,invoice
FACTU2016070039,1,invoice,0.9756,0.9787,0.9984,0.9640,0.8874,0.9997,A,true,invoice,A,true,invoice
FACTU2016070042,1,invoice,0.9788,0.9322,0.9994,0.9717,0.7244,0.9978,A,true,invoice,A,true,invoice
FACTU2016070043,1,invoice,0.9758,0.9618,0.9984,0.9570,0.8938,0.9999,A,true,invoice,A,true,invoice
FACTU2016070044,1,invoice,0.9763,0.8841,0.9997,0.9696,0.8760,0.9990,A,true,invoice,A,true,invoice
FACTU2016070045,1,invoice,0.9862,1.0000,0.9998,0.9593,0.9100,0.9994,A,true,invoice,A,true,invoice
FACTU2016070046,1,invoice,0.9781,0.9789,0.9993,0.9759,0.8293,1.0000,A,true,invoice,A,true,invoice
FACTU2016070047,1,invoice,0.9749,0.8483,0.9995,0.9766,0.8410,0.9994,A,true,invoice,A,true,invoice
FACTU2016080047,1,invoice,0.9808,0.9291,0.9997,0.9807,0.8018,0.9984,A,true,invoice,A,true,invoice
FACTU2016080048,1,invoice,0.9826,0.9857,0.9998,0.9779,0.9550,0.9997,A,true,invoice,A,true,invoice
FACTU2016080050,1,invoice,0.9749,0.9671,0.9992,0.9648,0.8461,0.9999,A,true,invoice,A,true,invoice
FACTU2016080051,1,invoice,0.9712,0.9293,0.9989,0.9729,0.7974,0.9952,A,true,invoice,A,true,invoice
FACTU2016080052,1,invoice,0.9845,1.0000,0.9997,0.9724,0.9206,0.9996,A,true,invoice,A,true,invoice
FACTU2016080053,1,invoice,0.9857,0.9586,0.9999,0.9764,0.8580,0.9993,A,true,invoice,A,true,invoice
FACTU2016080057,1,invoice,0.9726,0.8269,0.9995,0.9680,0.7519,0.9991,A,true,invoice,A,true,invoice
FACTU2016080058,1,invoice,0.9709,0.9622,0.9995,0.9612,0.8606,0.9999,A,true,invoice,A,true,invoice
FACTU2016080059,1,invoice,0.9720,0.9707,0.9944,0.9638,0.8505,0.9995,A,true,invoice,A,true,invoice
FACTU2016080060,1,invoice,0.9817,0.9580,0.9994,0.9754,0.6150,0.9990,A,true,invoice,A,true,invoice
FACTU2016080061,1,invoice,0.9765,0.9446,0.9988,0.9710,0.7780,0.9958,A,true,invoice,A,true,invoice
FACTU2016080062,1,invoice,0.9783,0.8895,0.9997,0.9793,0.8480,0.9998,A,true,invoice,A,true,invoice
FACTU2016090042,1,invoice,0.9846,0.9224,0.9994,0.9713,0.6816,0.9987,A,true,invoice,A,true,invoice
FACTU2016090043,1,invoice,0.9602,0.9175,0.9991,0.9571,0.8363,0.9997,A,true,invoice,A,true,invoice
FACTU2016090044,1,invoice,0.9844,1.0000,0.9998,0.9761,0.9559,0.9996,A,true,invoice,A,true,invoice
FACTU2016090050,1,invoice,0.9651,0.9487,0.9969,0.9469,0.8665,0.9998,A,true,invoice,A,true,invoice
FACTU2016090051,1,invoice,0.9750,0.9851,0.9992,0.9718,0.9077,1.0000,A,true,invoice,A,true,invoice
FACTU2016090052,1,invoice,0.9707,0.9629,0.9983,0.9614,0.8532,0.9996,A,true,invoice,A,true,invoice
FACTU2016090053,1,invoice,0.9831,0.9294,0.9999,0.9745,0.9132,1.0000,A,true,invoice,A,true,invoice
FACTU2016090054,1,invoice,0.9684,0.8991,0.9934,0.9685,0.6563,0.9853,A,true,invoice,A,true,invoice
FACTU2016100060,1,invoice,0.9784,0.9715,0.9995,0.9725,0.8645,0.9990,A,true,invoice,A,true,invoice
FACTU2016100061,1,invoice,0.9597,0.9397,0.9996,0.9484,0.8447,0.9997,A,true,invoice,A,true,invoice
FACTU2016100062,1,invoice,0.9817,0.9564,0.9996,0.9713,0.8431,1.0000,A,true,invoice,A,true,invoice
FACTU2016100063,1,invoice,0.9772,0.9563,0.9978,0.9688,0.8593,0.9980,A,true,invoice,A,true,invoice
FACTU2016100068,1,invoice,0.9721,0.8337,0.9974,0.9641,0.7107,0.9959,A,true,invoice,A,true,invoice
FACTU2016100069,1,invoice,0.9777,0.9630,0.9994,0.9594,0.8361,1.0000,A,true,invoice,A,true,invoice
FACTU2016100071,1,invoice,0.9797,0.8813,0.9993,0.9712,0.4785,0.9983,A,true,invoice,A,false,invoice
FACTU2016100072,1,invoice,0.9846,0.9394,0.9996,0.9629,0.7650,0.9990,A,true,invoice,A,true,invoice
FACTU2016100073,1,invoice,0.9803,1.0000,0.9997,0.9742,0.9564,0.9995,A,true,invoice,A,true,invoice
FACTU2016100074,1,invoice,0.9385,0.8619,0.9992,0.8029,0.7399,0.9888,A,true,invoice,A,true,invoice
FACTU2016100075,1,invoice,0.9690,0.8311,0.9993,0.9606,0.7775,0.9992,A,true,invoice,A,true,invoice
FACTU2016100076,1,invoice,0.9836,0.9696,0.9990,0.9722,0.8732,0.9961,A,true,invoice,A,true,invoice
FACTU2016100077,1,invoice,0.9793,0.9662,0.9995,0.9605,0.7929,0.9994,A,true,invoice,A,true,invoice
FACTU2016110041,1,invoice,0.9763,0.9238,0.9995,0.9693,0.8766,0.9955,A,true,invoice,A,true,invoice
FACTU2016110042,1,invoice,0.9765,0.8886,0.9998,0.9797,0.8534,0.9996,A,true,invoice,A,true,invoice
FACTU2016110044,1,invoice,0.9740,0.9145,0.9996,0.9734,0.8393,0.9986,A,true,invoice,A,true,invoice
FACTU2016110045,1,invoice,0.9730,0.8823,0.9996,0.9772,0.8698,0.9994,A,true,invoice,A,true,invoice
FACTU2016110046,1,invoice,0.9840,1.0000,0.9998,0.9764,0.9789,0.9999,A,true,invoice,A,true,invoice
FACTU2016110047,1,invoice,0.9799,0.9712,0.9949,0.9684,0.6421,0.7986,A,true,invoice,A,true,invoice
FACTU2016110048,1,invoice,0.9688,0.9343,0.9997,0.9663,0.7949,0.9998,A,true,invoice,A,true,invoice
FACTU2016110049,1,invoice,0.9730,0.9369,0.9958,0.9699,0.8292,0.9002,A,true,invoice,A,true,invoice
FACTU2016110050,1,invoice,0.9677,0.9431,0.9974,0.9612,0.8440,0.9999,A,true,invoice,A,true,invoice
FACTU2016110051,1,invoice,0.9469,0.8496,0.9990,0.8761,0.8059,0.9960,A,true,invoice,A,true,invoice
FACTU2016110052,1,invoice,0.9732,0.9433,0.9914,0.9625,0.7265,0.9646,A,true,invoice,A,true,invoice
FACTU2016120045,1,invoice,0.9688,0.8941,0.9994,0.9726,0.8261,1.0000,A,true,invoice,A,true,invoice
FACTU2016120046,1,invoice,0.9680,0.9699,0.9995,0.9599,0.8667,0.9996,A,true,invoice,A,true,invoice
FACTU2016120047,1,invoice,0.9763,0.8880,0.9990,0.9770,0.8871,0.9989,A,true,invoice,A,true,invoice
FACTU2016120049,1,invoice,0.9690,0.9539,0.9956,0.9591,0.8750,1.0000,A,true,invoice,A,true,invoice
FACTU2016120050,1,invoice,0.9832,1.0000,0.9997,0.9801,0.9662,0.9999,A,true,invoice,A,true,invoice
FACTU2016120051,1,invoice,0.9811,0.9358,0.9997,0.9756,0.8554,1.0000,A,true,invoice,A,true,invoice
FACTU2016120056,1,invoice,0.9840,0.9919,0.9988,0.9747,0.8471,0.9967,A,true,invoice,A,true,invoice
FACTU2016120057,1,invoice,0.9788,0.9006,0.9987,0.9715,0.7519,0.9986,A,true,invoice,A,true,invoice
FACTU2016120058,1,invoice,0.9822,0.9444,0.9997,0.9781,0.8535,1.0000,A,true,invoice,A,true,invoice
FACTU2016120059,1,invoice,0.9865,0.9492,0.9997,0.9756,0.8601,0.9996,A,true,invoice,A,true,invoice
FACTU2016120060,1,invoice,0.9826,0.9557,0.9999,0.9771,0.7592,0.9990,A,true,invoice,A,true,invoice
FACTU2016120061,1,invoice,0.9764,0.9231,0.9994,0.9664,0.8576,1.0000,A,true,invoice,A,true,invoice
FACTU2016120062,1,invoice,0.9725,0.9454,0.9995,0.9558,0.8657,0.9976,A,true,invoice,A,true,invoice
FACTU2016120063,1,invoice,0.9844,1.0000,0.9999,0.9774,0.9469,0.9997,A,true,invoice,A,true,invoice
FACTU2016120064,1,invoice,0.9572,0.9361,0.9998,0.9547,0.8617,0.9999,A,true,invoice,A,true,invoice
FACTU2016120065,1,invoice,0.9729,0.9316,0.9992,0.9685,0.8850,0.9998,A,true,invoice,A,true,invoice
FACTU2017010042,1,invoice,0.9802,0.9753,0.9995,0.9656,0.8451,0.9963,A,true,invoice,A,true,invoice
FACTU2017010043,1,invoice,0.9733,0.9427,0.9992,0.9591,0.8650,0.9994,A,true,invoice,A,true,invoice
FACTU2017010044,1,invoice,0.9572,0.7658,0.9988,0.9588,0.7519,0.9888,A,true,invoice,A,true,invoice
FACTU2017010046,1,invoice,0.9807,0.8491,0.9997,0.9635,0.4509,0.9983,A,true,invoice,A,false,invoice
FACTU2017010047,1,invoice,0.9834,0.9210,0.9996,0.9716,0.8475,0.9996,A,true,invoice,A,true,invoice
FACTU2017010048,1,invoice,0.9721,0.8803,0.9996,0.9719,0.8446,0.9993,A,true,invoice,A,true,invoice
FACTU2017010049,1,invoice,0.9795,0.8868,0.9996,0.9740,0.5482,0.9986,A,true,invoice,A,true,invoice
FACTU2017010050,1,invoice,0.9738,0.8644,0.9995,0.9737,0.7185,0.9995,A,true,invoice,A,true,invoice
FACTU2017010056,1,invoice,0.9580,0.9321,0.9984,0.9522,0.8334,0.9994,A,true,invoice,A,true,invoice
FACTU2017010057,1,invoice,0.9845,0.9960,1.0000,0.9707,0.9201,0.9994,A,true,invoice,A,true,invoice
FACTU2017020046,1,invoice,0.9663,0.9392,0.9985,0.9738,0.8319,0.9877,A,true,invoice,A,true,invoice
FACTU2017020048,1,invoice,0.9799,0.8214,0.9987,0.9747,0.5310,0.9989,A,true,invoice,A,true,invoice
FACTU2017020049,1,invoice,0.9702,0.8726,0.9991,0.9678,0.8043,0.9978,A,true,invoice,A,true,invoice
FACTU2017020050,1,invoice,0.9853,1.0000,0.9997,0.9666,0.9146,0.9995,A,true,invoice,A,true,invoice
FACTU2017020051,1,invoice,0.9823,0.9162,0.9995,0.9655,0.8385,0.9988,A,true,invoice,A,true,invoice
FACTU2017020052,1,invoice,0.9687,0.9636,0.9965,0.9559,0.8649,0.9996,A,true,invoice,A,true,invoice
FACTU2017020053,1,invoice,0.9759,0.9340,0.9976,0.9635,0.8271,0.9727,A,true,invoice,A,true,invoice
FACTU2017020056,1,invoice,0.9823,0.9244,0.9999,0.9772,0.8636,0.9993,A,true,invoice,A,true,invoice
FACTU2017020057,1,invoice,0.9595,0.8975,0.9995,0.9476,0.7844,0.9979,A,true,invoice,A,true,invoice
FACTU2017020058,1,invoice,0.9664,0.9613,0.9996,0.9696,0.8572,0.9997,A,true,invoice,A,true,invoice
FACTU2017030046,1,invoice,0.9813,1.0000,0.9999,0.9739,0.9196,0.9994,A,true,invoice,A,true,invoice
FACTU2017030047,1,invoice,0.9773,0.8317,0.9991,0.9727,0.7320,0.9992,A,true,invoice,A,true,invoice
FACTU2017030048,1,invoice,0.9705,0.9394,0.9995,0.9732,0.9008,0.9983,A,true,invoice,A,true,invoice
FACTU2017030049,1,invoice,0.9820,0.9761,0.9984,0.9780,0.8010,0.9950,A,true,invoice,A,true,invoice
FACTU2017030050,1,invoice,0.9692,0.8022,0.9985,0.9672,0.7663,0.9914,A,true,invoice,A,true,invoice
FACTU2017030053,1,invoice,0.9724,0.8375,0.9992,0.9575,0.7672,0.9974,A,true,invoice,A,true,invoice
FACTU2017030057,1,invoice,0.9811,1.0000,0.9997,0.9771,0.9677,0.9994,A,true,invoice,A,true,invoice
FACTU2017030058,1,invoice,0.9741,0.9750,0.9995,0.9582,0.8290,0.9994,A,true,invoice,A,true,invoice
FACTU2017030059,1,invoice,0.9748,0.9292,0.9989,0.9561,0.8223,0.9995,A,true,invoice,A,true,invoice
FACTU2017030060,1,invoice,0.9840,1.0000,0.9997,0.9774,0.9887,0.9997,A,true,invoice,A,true,invoice
FACTU2017030061,1,invoice,0.9746,0.8615,0.9998,0.9759,0.8591,0.9997,A,true,invoice,A,true,invoice
FACTU2017040047,1,invoice,0.9772,0.9213,0.9986,0.9700,0.8287,1.0000,A,true,invoice,A,true,invoice
FACTU2017040049,1,invoice,0.9779,0.8796,0.9997,0.9749,0.8572,0.9996,A,true,invoice,A,true,invoice
FACTU2017040052,1,invoice,0.9844,0.9446,0.9998,0.9752,0.8172,0.9995,A,true,invoice,A,true,invoice
FACTU2017040053,1,invoice,0.9708,0.8368,0.9991,0.9634,0.7740,0.9986,A,true,invoice,A,true,invoice
FACTU2017040054,1,invoice,0.9840,0.9591,0.9994,0.9746,0.8485,0.9990,A,true,invoice,A,true,invoice
FACTU2017040056,1,invoice,0.9798,0.9669,0.9991,0.9725,0.8899,0.9994,A,true,invoice,A,true,invoice
FACTU2017040057,1,invoice,0.9825,0.8873,0.9995,0.9768,0.8277,0.9984,A,true,invoice,A,true,invoice
FACTU2017050051,1,invoice,0.9785,0.9497,0.9994,0.9636,0.8179,1.0000,A,true,invoice,A,true,invoice
FACTU2017050052,1,invoice,0.9831,0.9703,0.9984,0.9756,0.7985,0.9943,A,true,invoice,A,true,invoice
FACTU2017050053,1,invoice,0.9682,0.9374,0.9995,0.9606,0.8830,0.9993,A,true,invoice,A,true,invoice
FACTU2017050054,1,invoice,0.9752,0.9636,0.9995,0.9612,0.7931,0.9994,A,true,invoice,A,true,invoice
FACTU2017050055,1,invoice,0.9729,0.9605,0.9998,0.9709,0.8891,0.9997,A,true,invoice,A,true,invoice
FACTU2017050056,1,invoice,0.9740,0.8746,0.9996,0.9736,0.8155,0.9996,A,true,invoice,A,true,invoice
FACTU2017060037,1,invoice,0.9838,1.0000,0.9997,0.9770,0.9490,0.9996,A,true,invoice,A,true,invoice
FACTU2017060044,1,invoice,0.9564,0.8702,0.9995,0.9092,0.6796,0.9953,A,true,invoice,A,true,invoice
FACTU2017060045,1,invoice,0.9784,0.8654,0.9998,0.9766,0.8510,0.9998,A,true,invoice,A,true,invoice
FACTU2017060046,1,invoice,0.9741,0.9685,0.9997,0.9589,0.7213,0.9994,A,true,invoice,A,true,invoice
FACTU2017060047,1,invoice,0.9766,0.9462,0.9987,0.9761,0.9020,0.9999,A,true,invoice,A,true,invoice
FACTU2017060048,1,invoice,0.9778,0.9916,0.9994,0.9704,0.8856,1.0000,A,true,invoice,A,true,invoice
FACTU2017060049,1,invoice,0.9818,0.9999,0.9996,0.9746,0.9559,0.9993,A,true,invoice,A,true,invoice
FACTU2017070031,1,invoice,0.9767,0.8736,0.9997,0.9700,0.8214,0.9992,A,true,invoice,A,true,invoice
FACTU2017070032,1,invoice,0.9720,0.9595,0.9991,0.9453,0.8199,0.9986,A,true,invoice,A,true,invoice
FACTU2017070035,1,invoice,0.9823,0.9521,0.9996,0.9780,0.8368,1.0000,A,true,invoice,A,true,invoice
FACTU2017070036,1,invoice,0.9504,0.9197,0.9994,0.9547,0.8468,0.9994,A,true,invoice,A,true,invoice
FACTU2017070043,1,invoice,0.9832,1.0000,0.9999,0.9798,0.9676,0.9997,A,true,invoice,A,true,invoice
FACTU2017070044,1,invoice,0.9724,0.9439,0.9996,0.9623,0.8667,0.9999,A,true,invoice,A,true,invoice
FACTU2017070045,1,invoice,0.9634,0.7826,0.9987,0.9699,0.8105,0.9967,A,true,invoice,A,true,invoice
FACTU2017070046,1,invoice,0.9827,0.9881,0.9987,0.9761,0.8396,0.9972,A,true,invoice,A,true,invoice
FACTU2017070047,1,invoice,0.9788,0.8645,0.9998,0.9713,0.8211,0.9996,A,true,invoice,A,true,invoice
FACTU2017070048,1,invoice,0.9637,0.9669,0.9987,0.9501,0.8405,0.9995,A,true,invoice,A,true,invoice
FACTU2017070049,1,invoice,0.9769,0.8109,0.9993,0.9706,0.6623,0.9963,A,true,invoice,A,true,invoice
FACTU2017070050,1,invoice,0.9862,0.9314,0.9999,0.9783,0.8803,0.9996,A,true,invoice,A,true,invoice
FACTU2017070051,1,invoice,0.9738,0.9504,0.9914,0.9684,0.8277,0.8931,A,true,invoice,A,true,invoice
FACTU2017080042,1,invoice,0.9810,0.9583,0.9997,0.9742,0.8359,0.9995,A,true,invoice,A,true,invoice
FACTU2017080043,1,invoice,0.9774,0.9187,0.9996,0.9752,0.8159,0.9990,A,true,invoice,A,true,invoice
FACTU2017080044,1,invoice,0.9685,0.9705,0.9994,0.9460,0.8153,0.9985,A,true,invoice,A,true,invoice
FACTU2017080045,1,invoice,0.9774,0.9250,0.9998,0.9694,0.7844,1.0000,A,true,invoice,A,true,invoice
FACTU2017080046,1,invoice,0.9596,0.9117,0.9955,0.9334,0.8517,0.9873,A,true,invoice,A,true,invoice
FACTU2017080048,1,invoice,0.9824,0.9372,0.9998,0.9727,0.8710,1.0000,A,true,invoice,A,true,invoice
FACTU2017080052,1,invoice,0.9779,0.9657,0.9993,0.9578,0.8343,0.9992,A,true,invoice,A,true,invoice
FACTU2017080053,1,invoice,0.9793,0.9028,0.9995,0.9564,0.8442,0.9995,A,true,invoice,A,true,invoice
FACTU2017080054,1,invoice,0.9592,0.9439,0.9995,0.9330,0.8318,0.9996,A,true,invoice,A,true,invoice
FACTU2017080055,1,invoice,0.9669,0.9622,0.9995,0.9396,0.7771,0.9999,A,true,invoice,A,true,invoice
FACTU2017080056,1,invoice,0.9804,0.8961,0.9996,0.9750,0.8247,0.9996,A,true,invoice,A,true,invoice
FACTU2017080057,1,invoice,0.9719,0.9525,0.9996,0.9572,0.8068,1.0000,A,true,invoice,A,true,invoice
FACTU2017080058,1,invoice,0.9760,0.8655,0.9992,0.9714,0.6732,0.9971,A,true,invoice,A,true,invoice
FACTU2017080059,1,invoice,0.9784,0.9497,0.9987,0.9724,0.8955,0.9995,A,true,invoice,A,true,invoice
FACTU2017090046,1,invoice,0.9731,0.9547,0.9990,0.9672,0.8014,0.9915,A,true,invoice,A,true,invoice
FACTU2017090047,1,invoice,0.9658,0.9212,0.9985,0.9512,0.8043,0.9925,A,true,invoice,A,true,invoice
FACTU2017090048,1,invoice,0.9736,0.9391,0.9990,0.9640,0.8242,0.9994,A,true,invoice,A,true,invoice
FACTU2017090049,1,invoice,0.9713,0.8422,0.9988,0.9721,0.7556,0.9989,A,true,invoice,A,true,invoice
FACTU2017090051,1,invoice,0.9692,0.9556,0.9979,0.9641,0.8405,0.9998,A,true,invoice,A,true,invoice
FACTU2017090053,1,invoice,0.9721,0.8480,0.9996,0.9588,0.7904,0.9997,A,true,invoice,A,true,invoice
FACTU2017090054,1,invoice,0.9745,0.9743,0.9978,0.9659,0.8245,0.9999,A,true,invoice,A,true,invoice
FACTU2017090055,1,invoice,0.9838,0.9907,0.9997,0.9615,0.9283,0.9996,A,true,invoice,A,true,invoice
FACTU2017090056,1,invoice,0.9671,0.9646,0.9994,0.9643,0.8372,0.9999,A,true,invoice,A,true,invoice
FACTU2017090057,1,invoice,0.9677,0.9218,0.9995,0.9585,0.8424,0.9997,A,true,invoice,A,true,invoice
FACTU2017100043,1,invoice,0.9804,0.9366,0.9998,0.9760,0.7642,0.9993,A,true,invoice,A,true,invoice
FACTU2017100044,1,invoice,0.9812,0.9622,0.9972,0.9688,0.8825,0.9960,A,true,invoice,A,true,invoice
FACTU2017100045,1,invoice,0.9871,1.0000,0.9998,0.9720,0.9237,0.9995,A,true,invoice,A,true,invoice
FACTU2017100047,1,invoice,0.9783,1.0000,0.9999,0.9738,0.9647,0.9996,A,true,invoice,A,true,invoice
FACTU2017100048,1,invoice,0.9543,0.8903,0.9982,0.9146,0.8177,0.9976,A,true,invoice,A,true,invoice
FACTU2017100049,1,invoice,0.9764,0.9470,0.9993,0.9669,0.8193,0.9999,A,true,invoice,A,true,invoice
FACTU2017100050,1,invoice,0.9657,0.9153,0.9990,0.9580,0.8578,1.0000,A,true,invoice,A,true,invoice
FACTU2017100051,1,invoice,0.9824,0.9501,0.9999,0.9670,0.8484,0.9990,A,true,invoice,A,true,invoice
FACTU2017100052,1,invoice,0.9703,0.9519,0.9990,0.9587,0.8465,0.9991,A,true,invoice,A,true,invoice
FACTU2017100053,1,invoice,0.9758,0.9370,0.9996,0.9586,0.8617,0.9999,A,true,invoice,A,true,invoice
FACTU2017100054,1,invoice,0.9726,0.9622,0.9989,0.9684,0.8264,0.9997,A,true,invoice,A,true,invoice
FACTU2017100055,1,invoice,0.9791,0.9485,0.9993,0.9762,0.8756,0.9983,A,true,invoice,A,true,invoice
FACTU2017100056,1,invoice,0.9729,0.9342,0.9995,0.9619,0.8327,0.9996,A,true,invoice,A,true,invoice
FACTU2017100057,1,invoice,0.9813,0.9356,0.9999,0.9635,0.4284,0.9971,A,true,invoice,A,false,invoice
FACTU2017100058,1,invoice,0.9836,0.9980,0.9994,0.9732,0.7588,0.9988,A,true,invoice,A,true,invoice
FACTU2017100059,1,invoice,0.9732,0.9647,0.9991,0.9451,0.8383,0.9979,A,true,invoice,A,true,invoice
FACTU2017100060,1,invoice,0.9833,1.0000,0.9997,0.9595,0.9004,0.9991,A,true,invoice,A,true,invoice
FACTU2017100061,1,invoice,0.9806,0.8997,0.9994,0.9646,0.4274,0.9979,A,true,invoice,A,false,invoice
FACTU2017110048,1,invoice,0.9695,0.9062,0.9995,0.9731,0.8594,0.9991,A,true,invoice,A,true,invoice
FACTU2017110049,1,invoice,0.9790,0.9159,0.9998,0.9627,0.7933,0.9992,A,true,invoice,A,true,invoice
FACTU2017110052,1,invoice,0.9642,0.8802,0.9995,0.9379,0.7510,0.9977,A,true,invoice,A,true,invoice
FACTU2017110055,1,invoice,0.9782,0.8788,0.9994,0.9756,0.7450,0.9978,A,true,invoice,A,true,invoice
FACTU2017110056,1,invoice,0.9264,0.8014,0.9989,0.8234,0.7388,0.9949,A,true,invoice,A,true,invoice
FACTU2017110057,1,invoice,0.9743,0.8471,0.9997,0.9731,0.8050,0.9997,A,true,invoice,A,true,invoice
FACTU2017110058,1,invoice,0.9757,0.9655,0.9996,0.9589,0.8695,0.9996,A,true,invoice,A,true,invoice
FACTU2017110059,1,invoice,0.9760,0.9515,0.9991,0.9537,0.8090,0.9988,A,true,invoice,A,true,invoice
FACTU2017110060,1,invoice,0.9714,0.8315,0.9997,0.9687,0.8035,0.9997,A,true,invoice,A,true,invoice
FACTU2017110061,1,invoice,0.9835,0.9998,0.9997,0.9711,0.9381,0.9994,A,true,invoice,A,true,invoice
FACTU2017110062,1,invoice,0.9827,1.0000,0.9999,0.9591,0.8574,0.9994,A,true,invoice,A,true,invoice
FACTU2017110063,1,invoice,0.9819,1.0000,0.9997,0.9584,0.9105,0.9993,A,true,invoice,A,true,invoice
FACTU2017110064,1,invoice,0.9783,0.8738,0.9996,0.9729,0.8244,0.9998,A,true,invoice,A,true,invoice
FACTU2017110065,1,invoice,0.9804,0.9435,0.9996,0.9694,0.8555,1.0000,A,true,invoice,A,true,invoice
FACTU2017110066,1,invoice,0.9688,0.9673,0.9990,0.9683,0.8227,0.9993,A,true,invoice,A,true,invoice
FACTU2017120061,1,invoice,0.9563,0.8290,0.9984,0.9596,0.7858,0.9890,A,true,invoice,A,true,invoice
FACTU2017120066,1,invoice,0.9783,0.9164,0.9995,0.9653,0.8191,0.9993,A,true,invoice,A,true,invoice
FACTU2017120069,1,invoice,0.9704,0.8730,0.9997,0.9710,0.7286,0.9994,A,true,invoice,A,true,invoice
FACTU2017120070,1,invoice,0.9738,0.8174,0.9996,0.9748,0.8889,0.9997,A,true,invoice,A,true,invoice
FACTU2017120071,1,invoice,0.9572,0.8214,0.9997,0.9530,0.8079,0.9994,A,true,invoice,A,true,invoice
FACTU2018010043,1,invoice,0.9797,0.8741,0.9998,0.9697,0.6255,0.9986,A,true,invoice,A,true,invoice
FACTU2018010044,1,invoice,0.9825,0.9855,0.9997,0.9650,0.9322,0.9995,A,true,invoice,A,true,invoice
FACTU2018010045,1,invoice,0.9472,0.7931,0.9975,0.8607,0.7391,0.9904,A,true,invoice,A,true,invoice
FACTU2018010046,1,invoice,0.9842,1.0000,0.9997,0.9764,0.9529,0.9997,A,true,invoice,A,true,invoice
FACTU2018010052,1,invoice,0.9825,1.0000,0.9998,0.9782,0.9608,0.9996,A,true,invoice,A,true,invoice
FACTU2018010053,1,invoice,0.9616,0.9438,0.9996,0.9507,0.8266,1.0000,A,true,invoice,A,true,invoice
FACTU2018020061,1,invoice,0.9517,0.7414,0.9982,0.9679,0.6944,0.9936,A,true,invoice,A,true,invoice
FACTU2018020063,1,invoice,0.9809,0.9709,0.9979,0.9727,0.8559,0.9964,A,true,invoice,A,true,invoice
FACTU2018020064,1,invoice,0.9756,0.8903,0.9988,0.9649,0.8516,0.9969,A,true,invoice,A,true,invoice
FACTU2018020065,1,invoice,0.9852,1.0000,0.9999,0.9762,0.9469,0.9997,A,true,invoice,A,true,invoice
FACTU2018020066,1,invoice,0.9783,0.8977,0.9996,0.9792,0.8877,0.9997,A,true,invoice,A,true,invoice
FACTU2018020067,1,invoice,0.9596,0.8898,0.9921,0.9380,0.7915,0.9929,A,true,invoice,A,true,invoice
FACTU2018020068,1,invoice,0.9787,0.8676,0.9994,0.9700,0.5378,0.9984,A,true,invoice,A,true,invoice
FACTU2018030046,1,invoice,0.9786,0.9669,0.9993,0.9713,0.8956,0.9971,A,true,invoice,A,true,invoice
FACTU2018030049,1,invoice,0.9796,0.9121,0.9995,0.9737,0.8327,0.9999,A,true,invoice,A,true,invoice
FACTU2018030052,1,invoice,0.9766,0.9424,0.9992,0.9755,0.8066,0.9990,A,true,invoice,A,true,invoice
FACTU2018030055,1,invoice,0.9741,0.9542,0.9973,0.9730,0.7243,0.9844,A,true,invoice,A,true,invoice
FACTU2018030056,1,invoice,0.9799,0.8872,0.9998,0.9620,0.7546,0.9984,A,true,invoice,A,true,invoice
FACTU2018030057,1,invoice,0.9719,0.9709,0.9996,0.9491,0.8283,0.9994,A,true,invoice,A,true,invoice
FACTU2018030058,1,invoice,0.9413,0.8517,0.9988,0.8524,0.7922,0.9929,A,true,invoice,A,true,invoice
FACTU2018030059,1,invoice,0.9816,0.9116,0.9992,0.9752,0.8520,0.9996,A,true,invoice,A,true,invoice
FACTU2018030060,1,invoice,0.9860,0.9455,0.9999,0.9784,0.8219,1.0000,A,true,invoice,A,true,invoice
FACTU2018030061,1,invoice,0.9774,0.8956,0.9998,0.9687,0.8382,0.9995,A,true,invoice,A,true,invoice
FACTU2018040046,1,invoice,0.9832,1.0000,0.9999,0.9777,0.9584,0.9997,A,true,invoice,A,true,invoice
FACTU2018040047,1,invoice,0.9754,0.9638,0.9994,0.9487,0.8411,0.9991,A,true,invoice,A,true,invoice
FACTU2018040048,1,invoice,0.9707,0.9483,0.9990,0.9466,0.8325,0.9981,A,true,invoice,A,true,invoice
FACTU2018040052,1,invoice,0.9711,0.9659,0.9993,0.9629,0.8066,0.9932,A,true,invoice,A,true,invoice
FACTU2018040053,1,invoice,0.9833,1.0000,0.9999,0.9743,0.9553,0.9998,A,true,invoice,A,true,invoice
FACTU2018040054,1,invoice,0.9802,0.9725,0.9988,0.9504,0.7878,0.9995,A,true,invoice,A,true,invoice
FACTU2018040055,1,invoice,0.9773,0.9755,0.9996,0.9607,0.8379,1.0000,A,true,invoice,A,true,invoice
FACTU2018040056,1,invoice,0.9717,0.9088,0.9995,0.9635,0.8524,0.9998,A,true,invoice,A,true,invoice
FACTU2018050053,1,invoice,0.9657,0.9212,0.9960,0.9476,0.8543,0.9947,A,true,invoice,A,true,invoice
FACTU2018050054,1,invoice,0.9822,0.9084,0.9992,0.9692,0.7164,0.9990,A,true,invoice,A,true,invoice
FACTU2018050055,1,invoice,0.9560,0.7904,0.9986,0.9630,0.7560,0.9914,A,true,invoice,A,true,invoice
FACTU2018050056,1,invoice,0.9848,0.9240,0.9996,0.9774,0.8527,0.9992,A,true,invoice,A,true,invoice
FACTU2018050057,1,invoice,0.9723,0.8594,0.9988,0.9620,0.7728,0.9958,A,true,invoice,A,true,invoice
FACTU2018050066,1,invoice,0.9742,0.8913,0.9996,0.9714,0.8711,0.9990,A,true,invoice,A,true,invoice
FACTU2018050067,1,invoice,0.9595,0.8596,0.9993,0.9473,0.8007,0.9979,A,true,invoice,A,true,invoice
FACTU2018050068,1,invoice,0.9702,0.9234,0.9982,0.9570,0.8019,0.9992,A,true,invoice,A,true,invoice
FACTU2018050069,1,invoice,0.9537,0.9116,0.9978,0.9531,0.8483,0.9998,A,true,invoice,A,true,invoice
FACTU2018050070,1,invoice,0.9846,1.0000,0.9998,0.9766,0.9091,0.9996,A,true,invoice,A,true,invoice
FACTU2018050071,1,invoice,0.9275,0.8336,0.9982,0.8221,0.6989,0.9885,A,true,invoice,A,true,invoice
FACTU2018050072,1,invoice,0.9652,0.9461,0.9995,0.9515,0.8312,0.9998,A,true,invoice,A,true,invoice
FACTU2018050073,1,invoice,0.9719,0.9603,0.9995,0.9651,0.8914,1.0000,A,true,invoice,A,true,invoice
FACTU2018060039,1,invoice,0.9790,0.8660,0.9995,0.9761,0.8004,0.9990,A,true,invoice,A,true,invoice
FACTU2018060043,1,invoice,0.9828,0.9183,0.9995,0.9667,0.8105,0.9991,A,true,invoice,A,true,invoice
FACTU2018060044,1,invoice,0.9741,0.8630,0.9995,0.9746,0.8829,0.9996,A,true,invoice,A,true,invoice
FACTU2018060045,1,invoice,0.9823,0.9314,0.9998,0.9769,0.8168,0.9997,A,true,invoice,A,true,invoice
FACTU2018060046,1,invoice,0.9772,0.9600,0.9995,0.9575,0.7868,0.9994,A,true,invoice,A,true,invoice
FACTU2018060047,1,invoice,0.9781,0.8850,0.9992,0.9791,0.8080,0.9992,A,true,invoice,A,true,invoice
FACTU2018060048,1,invoice,0.9830,0.9219,0.9996,0.9781,0.8578,0.9996,A,true,invoice,A,true,invoice
FACTU2018070046,1,invoice,0.9765,0.9311,0.9995,0.9649,0.8357,0.9994,A,true,invoice,A,true,invoice
FACTU2018070047,1,invoice,0.9814,0.9375,0.9997,0.9751,0.8582,1.0000,A,true,invoice,A,true,invoice
FACTU2018070050,1,invoice,0.9637,0.9525,0.9993,0.9548,0.8397,0.9996,A,true,invoice,A,true,invoice
FACTU2018070053,1,invoice,0.9787,0.9938,0.9997,0.9729,0.8572,0.9998,A,true,invoice,A,true,invoice
FACTU2018070054,1,invoice,0.9730,0.9727,0.9997,0.9422,0.8358,0.9999,A,true,invoice,A,true,invoice
FACTU2018070055,1,invoice,0.9689,0.9638,0.9996,0.9615,0.8076,0.9997,A,true,invoice,A,true,invoice
FACTU2018070056,1,invoice,0.9646,0.8844,0.9995,0.9315,0.7507,0.9960,A,true,invoice,A,true,invoice
FACTU2018070057,1,invoice,0.9682,0.9623,0.9996,0.9536,0.8262,0.9994,A,true,invoice,A,true,invoice
FACTU2018070058,1,invoice,0.9811,0.9953,0.9996,0.9751,0.9591,0.9996,A,true,invoice,A,true,invoice
FACTU2018070059,1,invoice,0.9846,1.0000,0.9999,0.9780,0.9642,0.9996,A,true,invoice,A,true,invoice
FACTU2018070060,1,invoice,0.9807,0.9305,0.9993,0.9712,0.7283,0.9990,A,true,invoice,A,true,invoice
FACTU2018080044,1,invoice,0.9601,0.9099,0.9994,0.9504,0.8276,0.9993,A,true,invoice,A,true,invoice
FACTU2018080045,1,invoice,0.9708,0.9419,0.9993,0.9607,0.8472,0.9993,A,true,invoice,A,true,invoice
FACTU2018080050,1,invoice,0.9697,0.9962,0.9978,0.9655,0.8612,0.9966,A,true,invoice,A,true,invoice
FACTU2018080051,1,invoice,0.9833,0.9168,0.9994,0.9736,0.8446,0.9994,A,true,invoice,A,true,invoice
FACTU2018080057,1,invoice,0.9801,0.9384,0.9999,0.9778,0.8560,1.0000,A,true,invoice,A,true,invoice
FACTU2018080058,1,invoice,0.9731,0.9474,0.9993,0.9606,0.8564,0.9985,A,true,invoice,A,true,invoice
FACTU2018080059,1,invoice,0.9707,0.8550,0.9997,0.9744,0.8289,0.9995,A,true,invoice,A,true,invoice
FACTU2018080060,1,invoice,0.9783,0.8999,0.9994,0.9724,0.8223,0.9966,A,true,invoice,A,true,invoice
FACTU2018090035,1,invoice,0.9759,0.8879,0.9996,0.9751,0.8479,0.9997,A,true,invoice,A,true,invoice
FACTU2018090037,1,invoice,0.9838,0.9414,0.9994,0.9764,0.8279,0.9992,A,true,invoice,A,true,invoice
FACTU2018090038,1,invoice,0.9715,0.9213,0.9876,0.9557,0.7423,0.9853,A,true,invoice,A,true,invoice
FACTU2018090041,1,invoice,0.9659,0.8163,0.9987,0.9620,0.8450,0.9884,A,true,invoice,A,true,invoice
FACTU2018090042,1,invoice,0.9796,0.8931,0.9995,0.9744,0.8347,0.9996,A,true,invoice,A,true,invoice
FACTU2018090043,1,invoice,0.9782,0.9037,0.9995,0.9676,0.7144,0.9982,A,true,invoice,A,true,invoice
FACTU2018090044,1,invoice,0.9823,0.9276,0.9996,0.9760,0.8599,0.9997,A,true,invoice,A,true,invoice
FACTU2018090045,1,invoice,0.9676,0.9682,0.9976,0.9672,0.8627,0.9999,A,true,invoice,A,true,invoice
FACTU2018100051,1,invoice,0.9802,0.9185,0.9997,0.9766,0.8537,1.0000,A,true,invoice,A,true,invoice
FACTU2018100052,1,invoice,0.9805,0.9060,0.9997,0.9764,0.7358,0.9980,A,true,invoice,A,true,invoice
FACTU2018100053,1,invoice,0.9745,0.9323,0.9995,0.9734,0.8553,0.9999,A,true,invoice,A,true,invoice
FACTU2018100054,1,invoice,0.9581,0.9465,0.9994,0.9419,0.7912,0.9994,A,true,invoice,A,true,invoice
FACTU2018100055,1,invoice,0.9821,0.9041,0.9995,0.9668,0.8130,0.9992,A,true,invoice,A,true,invoice
FACTU2018100057,1,invoice,0.9806,0.9551,0.9871,0.9699,0.8261,0.9946,A,true,invoice,A,true,invoice
FACTU2018100062,1,invoice,0.9817,0.9619,0.9998,0.9647,0.8473,0.9997,A,true,invoice,A,true,invoice
FACTU2018100063,1,invoice,0.9792,0.8657,0.9999,0.9685,0.5890,0.9992,A,true,invoice,A,true,invoice
FACTU2018100064,1,invoice,0.9802,0.9214,0.9991,0.9711,0.7759,0.9942,A,true,invoice,A,true,invoice
FACTU2018100065,1,invoice,0.9753,0.9607,0.9998,0.9663,0.8725,0.9996,A,true,invoice,A,true,invoice
FACTU2018100066,1,invoice,0.9812,0.9699,0.9999,0.9768,0.8581,1.0000,A,true,invoice,A,true,invoice
FACTU2018100067,1,invoice,0.9783,0.9402,0.9994,0.9658,0.8233,0.9999,A,true,invoice,A,true,invoice
FACTU2018110040,1,invoice,0.9848,1.0000,0.9997,0.9782,0.9732,0.9997,A,true,invoice,A,true,invoice
FACTU2018110041,1,invoice,0.9778,0.8608,0.9997,0.9719,0.6898,0.9989,A,true,invoice,A,true,invoice
FACTU2018110044,1,invoice,0.9794,0.9901,0.9997,0.9677,0.9347,0.9997,A,true,invoice,A,true,invoice
FACTU2018110045,1,invoice,0.9200,0.8370,0.9989,0.8996,0.6987,0.9926,A,true,invoice,A,true,invoice
FACTU2018110046,1,invoice,0.9724,0.9615,0.9994,0.9711,0.8302,1.0000,A,true,invoice,A,true,invoice
FACTU2018110049,1,invoice,0.9795,0.9150,0.9998,0.9769,0.8930,1.0000,A,true,invoice,A,true,invoice
FACTU2018110050,1,invoice,0.9749,0.8713,0.9994,0.9689,0.8676,0.9990,A,true,invoice,A,true,invoice
FACTU2018110051,1,invoice,0.9756,0.9470,0.9997,0.9713,0.8371,0.9998,A,true,invoice,A,true,invoice
FACTU2018110053,1,invoice,0.9719,0.7973,0.9996,0.9641,0.6385,0.9989,A,true,invoice,A,true,invoice
FACTU2018110054,1,invoice,0.9736,0.8788,0.9997,0.9802,0.8847,0.9996,A,true,invoice,A,true,invoice
FACTU2018110055,1,invoice,0.9783,0.8982,0.9995,0.9579,0.8064,0.9990,A,true,invoice,A,true,invoice
FACTU2018110056,1,invoice,0.9817,0.9384,0.9994,0.9727,0.8771,0.9987,A,true,invoice,A,true,invoice
FACTU2018120041,1,invoice,0.9836,1.0000,0.9998,0.9787,0.9855,0.9998,A,true,invoice,A,true,invoice
FACTU2018120042,1,invoice,0.9766,0.9596,0.9994,0.9609,0.7675,0.9994,A,true,invoice,A,true,invoice
FACTU2018120044,1,invoice,0.9850,1.0000,0.9997,0.9760,0.9709,0.9996,A,true,invoice,A,true,invoice
FACTU2018120045,1,invoice,0.9837,1.0000,0.9998,0.9609,0.8755,0.9995,A,true,invoice,A,true,invoice
FACTU2018120047,1,invoice,0.9761,0.9505,0.9994,0.9638,0.8425,0.9981,A,true,invoice,A,true,invoice
FACTU2018120048,1,invoice,0.9775,0.8861,0.9999,0.9793,0.8723,0.9999,A,true,invoice,A,true,invoice
FACTU2018120049,1,invoice,0.9705,0.9473,0.9989,0.9553,0.8228,0.9993,A,true,invoice,A,true,invoice
FACTU2019010030,1,invoice,0.9808,0.9190,0.9995,0.9607,0.8211,1.0000,A,true,invoice,A,true,invoice
FACTU2019010031,1,invoice,0.9743,0.9382,0.9988,0.9743,0.8298,0.9985,A,true,invoice,A,true,invoice
FACTU2019010032,1,invoice,0.9731,0.9320,0.9990,0.9608,0.7995,0.9949,A,true,invoice,A,true,invoice
FACTU2019010033,1,invoice,0.9811,0.9315,0.9994,0.9758,0.8410,1.0000,A,true,invoice,A,true,invoice
FACTU2019010034,1,invoice,0.9733,0.8767,0.9996,0.9765,0.8652,0.9996,A,true,invoice,A,true,invoice
FACTU2019010035,1,invoice,0.9705,0.8639,0.9988,0.9659,0.7917,0.9958,A,true,invoice,A,true,invoice
FACTU2019010036,1,invoice,0.9779,0.9442,0.9990,0.9512,0.8357,0.9997,A,true,invoice,A,true,invoice
FACTU2019010037,1,invoice,0.9849,0.9683,0.9995,0.9768,0.7397,0.9992,A,true,invoice,A,true,invoice
FACTU2019010038,1,invoice,0.9773,0.9326,0.9997,0.9726,0.8754,0.9997,A,true,invoice,A,true,invoice
FACTU2019010039,1,invoice,0.9853,1.0000,0.9999,0.9742,0.9538,0.9995,A,true,invoice,A,true,invoice
FACTU2019010043,1,invoice,0.9819,0.9355,0.9998,0.9737,0.8210,0.9999,A,true,invoice,A,true,invoice
FACTU2019010044,1,invoice,0.9837,1.0000,0.9997,0.9714,0.9554,0.9996,A,true,invoice,A,true,invoice
FACTU2019010045,1,invoice,0.9778,0.9039,0.9994,0.9676,0.8463,0.9976,A,true,invoice,A,true,invoice
FACTU2019010046,1,invoice,0.9740,0.8621,0.9996,0.9701,0.8372,0.9992,A,true,invoice,A,true,invoice
FACTU2019010047,1,invoice,0.9736,0.9308,0.9993,0.9655,0.8381,0.9983,A,true,invoice,A,true,invoice
FACTU2019010048,1,invoice,0.9662,0.9154,0.9992,0.9567,0.8762,0.9997,A,true,invoice,A,true,invoice
FACTU2019010049,1,invoice,0.9539,0.8507,0.9990,0.8505,0.7801,0.9952,A,true,invoice,A,true,invoice
FACTU2019010050,1,invoice,0.9836,0.9589,0.9993,0.9681,0.8354,0.9995,A,true,invoice,A,true,invoice
FACTU2019010051,1,invoice,0.9788,0.9376,0.9996,0.9732,0.8570,0.9976,A,true,invoice,A,true,invoice
FACTU2019010052,1,invoice,0.9819,0.9248,0.9994,0.9791,0.7708,0.9980,A,true,invoice,A,true,invoice
FACTU2019010053,1,invoice,0.9830,0.9744,0.9994,0.9766,0.8894,0.9982,A,true,invoice,A,true,invoice
FACTU2019010054,1,invoice,0.9756,0.8279,0.9989,0.9735,0.7960,0.9979,A,true,invoice,A,true,invoice
FACTU2019020047,1,invoice,0.9527,0.8793,0.9857,0.9451,0.7907,0.9944,A,true,invoice,A,true,invoice
FACTU2019020048,1,invoice,0.9833,1.0000,0.9997,0.9721,0.9603,0.9997,A,true,invoice,A,true,invoice
FACTU2019020049,1,invoice,0.9737,0.9598,0.9991,0.9687,0.8793,0.9999,A,true,invoice,A,true,invoice
FACTU2019020050,1,invoice,0.9725,0.9670,0.9992,0.9683,0.8523,1.0000,A,true,invoice,A,true,invoice
FACTU2019020051,1,invoice,0.9596,0.7817,0.9984,0.9675,0.7937,0.9982,A,true,invoice,A,true,invoice
FACTU2019020054,1,invoice,0.9811,0.9189,0.9997,0.9760,0.8464,0.9978,A,true,invoice,A,true,invoice
FACTU2019020055,1,invoice,0.9841,1.0000,0.9998,0.9802,0.9632,0.9998,A,true,invoice,A,true,invoice
FACTU2019020056,1,invoice,0.9749,0.8693,0.9991,0.9623,0.8293,0.9990,A,true,invoice,A,true,invoice
FACTU2019020057,1,invoice,0.9735,0.9883,0.9997,0.9660,0.8680,0.9999,A,true,invoice,A,true,invoice
FACTU2019020058,1,invoice,0.9532,0.8777,0.9980,0.9458,0.8411,0.9982,A,true,invoice,A,true,invoice
FACTU2019020059,1,invoice,0.9646,0.9299,0.9995,0.9522,0.8506,0.9995,A,true,invoice,A,true,invoice
FACTU2019030047,1,invoice,0.9778,0.9697,0.9983,0.9682,0.9065,0.9999,A,true,invoice,A,true,invoice
FACTU2019030048,1,invoice,0.9720,0.8615,0.9990,0.9605,0.7832,0.9961,A,true,invoice,A,true,invoice
FACTU2019030049,1,invoice,0.9838,1.0000,0.9997,0.9754,0.9288,0.9995,A,true,invoice,A,true,invoice
FACTU2019030050,1,invoice,0.9751,0.9300,0.9987,0.9690,0.8356,0.9937,A,true,invoice,A,true,invoice
FACTU2019030051,1,invoice,0.9796,0.8829,0.9993,0.9709,0.6075,0.9974,A,true,invoice,A,true,invoice
FACTU2019030052,1,invoice,0.9763,0.8414,0.9983,0.9636,0.7758,0.9970,A,true,invoice,A,true,invoice
FACTU2019030054,1,invoice,0.9791,0.8697,0.9993,0.9621,0.7489,0.9976,A,true,invoice,A,true,invoice
FACTU2019030055,1,invoice,0.9709,0.9696,0.9997,0.9592,0.8587,0.9999,A,true,invoice,A,true,invoice
FACTU2019030056,1,invoice,0.9712,0.9392,0.9996,0.9694,0.8471,1.0000,A,true,invoice,A,true,invoice
FACTU2019030057,1,invoice,0.9742,0.9371,0.9990,0.9641,0.8385,0.9997,A,true,invoice,A,true,invoice
FACTU2019030060,1,invoice,0.9782,0.8670,0.9988,0.9717,0.8360,0.9968,A,true,invoice,A,true,invoice
FACTU2019030061,1,invoice,0.9745,0.9583,0.9992,0.9629,0.8404,0.9991,A,true,invoice,A,true,invoice
FACTU2019030062,1,invoice,0.9649,0.8585,0.9993,0.9625,0.8162,0.9995,A,true,invoice,A,true,invoice
FACTU2019030063,1,invoice,0.9777,0.8932,0.9996,0.9608,0.4129,0.9981,A,true,invoice,A,false,invoice
FACTU2019040047,1,invoice,0.9711,0.9149,0.9994,0.9575,0.8165,0.9996,A,true,invoice,A,true,invoice
FACTU2019040048,1,invoice,0.9837,1.0000,0.9997,0.9689,0.9302,0.9993,A,true,invoice,A,true,invoice
FACTU2019040049,1,invoice,0.9677,0.9372,0.9988,0.9638,0.8292,0.9999,A,true,invoice,A,true,invoice
FACTU2019040050,1,invoice,0.9778,0.9473,0.9998,0.9786,0.9098,0.9998,A,true,invoice,A,true,invoice
FACTU2019040051,1,invoice,0.9757,0.8713,0.9998,0.9649,0.7994,0.9997,A,true,invoice,A,true,invoice
FACTU2019040052,1,invoice,0.9721,0.9162,0.9764,0.9563,0.6465,0.8571,A,true,invoice,A,true,invoice
FACTU2019040057,1,invoice,0.9793,0.9409,0.9995,0.9700,0.8412,1.0000,A,true,invoice,A,true,invoice
FACTU2019040058,1,invoice,0.9818,0.9682,0.9990,0.9730,0.7726,0.9936,A,true,invoice,A,true,invoice
FACTU2019040059,1,invoice,0.9792,0.8900,0.9997,0.9704,0.6625,0.9986,A,true,invoice,A,true,invoice
FACTU2019040060,1,invoice,0.9833,0.9648,0.9995,0.9771,0.6081,0.9992,A,true,invoice,A,true,invoice
FACTU2019050039,1,invoice,0.9779,0.8823,0.9996,0.9704,0.6980,0.9981,A,true,invoice,A,true,invoice
FACTU2019050040,1,invoice,0.9693,0.9259,0.9997,0.9505,0.8240,0.9999,A,true,invoice,A,true,invoice
FACTU2019050041,1,invoice,0.9815,0.9084,0.9996,0.9747,0.8321,0.9992,A,true,invoice,A,true,invoice
FACTU2019050042,1,invoice,0.9863,0.9656,0.9996,0.9749,0.8441,0.9993,A,true,invoice,A,true,invoice
FACTU2019050043,1,invoice,0.9650,0.9076,0.9923,0.9530,0.8467,0.9949,A,true,invoice,A,true,invoice
FACTU2019050044,1,invoice,0.9803,0.9601,0.9997,0.9746,0.8099,1.0000,A,true,invoice,A,true,invoice
FACTU2019050045,1,invoice,0.9757,0.9014,0.9994,0.9529,0.8320,0.9999,A,true,invoice,A,true,invoice
FACTU2019050046,1,invoice,0.9729,0.8888,0.9995,0.9730,0.8020,0.9998,A,true,invoice,A,true,invoice
FACTU2019050052,1,invoice,0.9663,0.8818,0.9978,0.9655,0.8016,0.9951,A,true,invoice,A,true,invoice
FACTU2019050053,1,invoice,0.9796,0.9411,1.0000,0.9741,0.8462,0.9995,A,true,invoice,A,true,invoice
FACTU2019050054,1,invoice,0.9680,0.9659,0.9995,0.9606,0.8510,0.9993,A,true,invoice,A,true,invoice
FACTU2019050055,1,invoice,0.9830,0.9698,0.9996,0.9736,0.9472,0.9996,A,true,invoice,A,true,invoice
FACTU2019050056,1,invoice,0.9743,0.9374,0.9995,0.9762,0.8505,1.0000,A,true,invoice,A,true,invoice
FACTU2019050057,1,invoice,0.9791,0.8927,0.9996,0.9798,0.8480,0.9996,A,true,invoice,A,true,invoice
FACTU2019050058,1,invoice,0.9817,1.0000,0.9998,0.9675,0.8977,0.9996,A,true,invoice,A,true,invoice
FACTU2019050059,1,invoice,0.9722,0.9291,0.9989,0.9647,0.8690,0.9997,A,true,invoice,A,true,invoice
FACTU2019060047,1,invoice,0.9680,0.9309,0.9965,0.9649,0.8352,0.9515,A,true,invoice,A,true,invoice
FACTU2019060049,1,invoice,0.9712,0.9188,0.9990,0.9577,0.8645,0.9994,A,true,invoice,A,true,invoice
FACTU2019060050,1,invoice,0.9696,0.9205,0.9944,0.9615,0.8306,0.9523,A,true,invoice,A,true,invoice
FACTU2019060060,1,invoice,0.9630,0.9492,0.9997,0.9424,0.8315,0.9995,A,true,invoice,A,true,invoice
FACTU2019060061,1,invoice,0.9783,0.9417,0.9996,0.9638,0.8148,0.9974,A,true,invoice,A,true,invoice
FACTU2019070053,1,invoice,0.9827,0.9277,0.9995,0.9668,0.8159,0.9973,A,true,invoice,A,true,invoice
FACTU2019070055,1,invoice,0.9469,0.8490,0.9983,0.7980,0.7649,0.9829,A,true,invoice,A,true,invoice
FACTU2019070060,1,invoice,0.9817,0.9997,0.9997,0.9756,0.9568,0.9996,A,true,invoice,A,true,invoice
FACTU2019070061,1,invoice,0.9740,0.9304,0.9984,0.9619,0.8233,1.0000,A,true,invoice,A,true,invoice
FACTU2019070062,1,invoice,0.9783,0.9674,0.9994,0.9748,0.8853,0.9996,A,true,invoice,A,true,invoice
FACTU2019070063,1,invoice,0.9842,0.9338,0.9993,0.9710,0.8653,0.9983,A,true,invoice,A,true,invoice
FACTU2019070064,1,invoice,0.9602,0.8072,0.9986,0.9579,0.8091,0.9858,A,true,invoice,A,true,invoice
FACTU2019070065,1,invoice,0.9798,0.9182,0.9993,0.9719,0.8502,0.9976,A,true,invoice,A,true,invoice
FACTU2019080044,1,invoice,0.9747,0.9399,0.9995,0.9697,0.8322,1.0000,A,true,invoice,A,true,invoice
FACTU2019080047,1,invoice,0.9690,0.9690,0.9989,0.9689,0.8765,0.9999,A,true,invoice,A,true,invoice
FACTU2019080049,1,invoice,0.9406,0.8634,0.8694,0.9292,0.7693,0.9731,A,true,invoice,A,true,invoice
FACTU2019080050,1,invoice,0.9780,0.8739,0.9995,0.9661,0.8229,0.9989,A,true,invoice,A,true,invoice
FACTU2019080051,1,invoice,0.9182,0.7517,0.9989,0.9040,0.7962,0.9991,A,true,invoice,A,true,invoice
FACTU2019080052,1,invoice,0.9637,0.9470,0.9993,0.9462,0.8124,0.9996,A,true,invoice,A,true,invoice
FACTU2019080053,1,invoice,0.9422,0.8630,0.8279,0.9372,0.7312,0.9845,A,true,invoice,A,true,invoice
FACTU2019080054,1,invoice,0.9798,0.9594,0.9998,0.9577,0.7830,0.9996,A,true,invoice,A,true,invoice
FACTU2019080055,1,invoice,0.9758,0.9122,0.9995,0.9718,0.8268,0.9960,A,true,invoice,A,true,invoice
FACTU2019080056,1,invoice,0.9820,0.9240,0.9998,0.9784,0.8653,1.0000,A,true,invoice,A,true,invoice
FACTU2019090045,1,invoice,0.9794,0.8681,0.9994,0.9724,0.8144,0.9981,A,true,invoice,A,true,invoice
FACTU2019090046,1,invoice,0.9840,0.9420,0.9998,0.9777,0.8196,1.0000,A,true,invoice,A,true,invoice
FACTU2019090047,1,invoice,0.9734,0.9449,0.9991,0.9596,0.8065,0.9999,A,true,invoice,A,true,invoice
FACTU2019090048,1,invoice,0.9729,0.9397,0.9912,0.9685,0.5857,0.9576,A,true,invoice,A,true,invoice
FACTU2019090051,1,invoice,0.9799,0.9336,0.9995,0.9573,0.8250,0.9983,A,true,invoice,A,true,invoice
FACTU2019090054,1,invoice,0.9793,0.9054,0.9992,0.9750,0.4128,0.9988,A,true,invoice,A,false,invoice
FACTU2019090055,1,invoice,0.9644,0.9370,0.9994,0.9545,0.8753,0.9991,A,true,invoice,A,true,invoice
FACTU2019090056,1,invoice,0.9731,0.9224,0.9995,0.9710,0.8454,0.9995,A,true,invoice,A,true,invoice
FACTU2019090057,1,invoice,0.9788,0.9232,0.9997,0.9627,0.8202,0.9996,A,true,invoice,A,true,invoice
FACTU2019090058,1,invoice,0.9717,0.9631,0.9997,0.9681,0.8548,0.9995,A,true,invoice,A,true,invoice
FACTU2019090059,1,invoice,0.9792,0.9271,0.9996,0.9694,0.8054,0.9992,A,true,invoice,A,true,invoice
FACTU2019100043,1,invoice,0.9800,0.8904,0.9998,0.9771,0.8401,0.9997,A,true,invoice,A,true,invoice
FACTU2019100044,1,invoice,0.9836,0.9098,0.9997,0.9709,0.8364,0.9988,A,true,invoice,A,true,invoice
FACTU2019100045,1,invoice,0.9754,1.0000,0.9997,0.9564,0.8406,0.9990,A,true,invoice,A,true,invoice
FACTU2019100046,1,invoice,0.9812,0.9101,0.9999,0.9796,0.8606,0.9996,A,true,invoice,A,true,invoice
FACTU2019100047,1,invoice,0.9745,0.9660,0.9988,0.9605,0.8130,0.9986,A,true,invoice,A,true,invoice
FACTU2019100049,1,invoice,0.9614,0.8295,0.9988,0.9593,0.7652,0.9931,A,true,invoice,A,true,invoice
FACTU2019100050,1,invoice,0.9736,0.9419,0.9995,0.9709,0.8166,0.9996,A,true,invoice,A,true,invoice
FACTU2019100051,1,invoice,0.9839,1.0000,0.9999,0.9797,0.9680,0.9999,A,true,invoice,A,true,invoice
FACTU2019100053,1,invoice,0.9759,0.8825,0.9996,0.9762,0.8270,0.9995,A,true,invoice,A,true,invoice
FACTU2019100054,1,invoice,0.9719,0.9619,0.9995,0.9565,0.8239,0.9988,A,true,invoice,A,true,invoice
FACTU2019100055,1,invoice,0.9789,0.9529,0.9999,0.9730,0.8578,0.9997,A,true,invoice,A,true,invoice
FACTU2019100056,1,invoice,0.9660,0.8891,0.9995,0.9467,0.8455,0.9996,A,true,invoice,A,true,invoice
FACTU2019100057,1,invoice,0.9817,0.9182,0.9995,0.9749,0.7465,0.9982,A,true,invoice,A,true,invoice
FACTU2019100058,1,invoice,0.9729,0.9317,0.9997,0.9587,0.7997,0.9996,A,true,invoice,A,true,invoice
FACTU2019110040,1,invoice,0.9737,0.9735,0.9996,0.9731,0.8943,1.0000,A,true,invoice,A,true,invoice
FACTU2019110043,1,invoice,0.9752,0.8829,0.9988,0.9681,0.8330,0.9885,A,true,invoice,A,true,invoice
FACTU2019110044,1,invoice,0.9790,0.9396,0.9994,0.9721,0.8456,1.0000,A,true,invoice,A,true,invoice
FACTU2019110045,1,invoice,0.9773,0.8903,0.9996,0.9782,0.8484,0.9995,A,true,invoice,A,true,invoice
FACTU2019110048,1,invoice,0.9746,0.9545,0.9996,0.9597,0.7945,0.9995,A,true,invoice,A,true,invoice
FACTU2019110049,1,invoice,0.9823,0.8602,0.9995,0.9687,0.8291,0.9978,A,true,invoice,A,true,invoice
FACTU2019110050,1,invoice,0.9837,1.0000,0.9997,0.9738,0.9594,0.9997,A,true,invoice,A,true,invoice
FACTU2019110051,1,invoice,0.9781,0.8873,0.9997,0.9767,0.7934,0.9994,A,true,invoice,A,true,invoice
FACTU2019110052,1,invoice,0.9816,0.9088,0.9994,0.9660,0.7457,0.9972,A,true,invoice,A,true,invoice
FACTU2019110053,1,invoice,0.9766,0.9954,0.9993,0.9594,0.8606,0.9999,A,true,invoice,A,true,invoice
FACTU2019120036,1,invoice,0.9652,0.7975,0.9987,0.9659,0.7144,0.9947,A,true,invoice,A,true,invoice
FACTU2019120037,1,invoice,0.9780,0.9334,0.9993,0.9800,0.8724,0.9971,A,true,invoice,A,true,invoice
FACTU2019120040,1,invoice,0.9707,0.9036,0.9970,0.9650,0.6181,0.9901,A,true,invoice,A,true,invoice
FACTU2019120042,1,invoice,0.9731,0.9648,0.9990,0.9644,0.8142,0.9996,A,true,invoice,A,true,invoice
FACTU2019120044,1,invoice,0.9719,0.9789,0.9971,0.9616,0.8626,0.9986,A,true,invoice,A,true,invoice
FACTU2019120045,1,invoice,0.9766,0.9470,0.9986,0.9621,0.8621,0.9996,A,true,invoice,A,true,invoice
FACTU2019120046,1,invoice,0.9641,0.9220,0.9995,0.9434,0.7934,0.9992,A,true,invoice,A,true,invoice
FACTU2019120047,1,invoice,0.9775,0.9036,0.9996,0.9785,0.8828,0.9996,A,true,invoice,A,true,invoice
FACTU2019120048,1,invoice,0.9701,0.9047,0.9991,0.9684,0.7806,1.0000,A,true,invoice,A,true,invoice
FACTU2019120049,1,invoice,0.9749,0.9716,0.9997,0.9647,0.8395,0.9987,A,true,invoice,A,true,invoice
FACTU2019120050,1,invoice,0.9820,0.9384,0.9998,0.9725,0.9225,0.9995,A,true,invoice,A,true,invoice
FACTU2019120051,1,invoice,0.9782,0.9756,0.9990,0.9745,0.8409,0.9973,A,true,invoice,A,true,invoice
FACTU2019120052,1,invoice,0.9650,0.9318,0.9989,0.9576,0.8421,0.9978,A,true,invoice,A,true,invoice
FACTU2020010042,1,invoice,0.9788,0.9414,0.9993,0.9664,0.8032,0.9940,A,true,invoice,A,true,invoice
FACTU2020010043,1,invoice,0.9825,1.0000,0.9997,0.9667,0.8775,0.9996,A,true,invoice,A,true,invoice
FACTU2020010044,1,invoice,0.9784,0.9714,0.9997,0.9690,0.8722,0.9999,A,true,invoice,A,true,invoice
FACTU2020010045,1,invoice,0.9789,0.9330,0.9999,0.9791,0.8521,1.0000,A,true,invoice,A,true,invoice
FACTU2020010046,1,invoice,0.9775,0.8800,0.9996,0.9761,0.8548,0.9997,A,true,invoice,A,true,invoice
FACTU2020010047,1,invoice,0.9701,0.8708,0.9995,0.9682,0.7899,0.9986,A,true,invoice,A,true,invoice
FACTU2020010051,1,invoice,0.9711,0.9469,0.9994,0.9698,0.5787,0.9977,A,true,invoice,A,true,invoice
FACTU2020010052,1,invoice,0.9635,0.9503,0.9996,0.9550,0.8181,0.9992,A,true,invoice,A,true,invoice
FACTU2020010053,1,invoice,0.9807,0.9539,0.9986,0.9663,0.8690,0.9991,A,true,invoice,A,true,invoice
FACTU2020020053,1,invoice,0.9449,0.8313,0.9991,0.8691,0.8006,0.9965,A,true,invoice,A,true,invoice
FACTU2020020054,1,invoice,0.9704,0.9361,0.9992,0.9631,0.8575,0.9995,A,true,invoice,A,true,invoice
FACTU2020020055,1,invoice,0.9803,1.0000,0.9995,0.9726,0.8682,0.9996,A,true,invoice,A,true,invoice
FACTU2020020061,1,invoice,0.9706,0.9244,0.9993,0.9756,0.8460,1.0000,A,true,invoice,A,true,invoice
FACTU2020020062,1,invoice,0.9620,0.8608,0.9985,0.9619,0.7231,0.9933,A,true,invoice,A,true,invoice
FACTU2020020063,1,invoice,0.9718,0.9613,0.9972,0.9578,0.8221,0.9994,A,true,invoice,A,true,invoice
FACTU2020020068,1,invoice,0.9788,0.9125,0.9997,0.9774,0.8130,0.9984,A,true,invoice,A,true,invoice
FACTU2020020069,1,invoice,0.9733,0.8613,0.9996,0.9651,0.7794,0.9959,A,true,invoice,A,true,invoice
FACTU2020020070,1,invoice,0.9667,0.9034,0.9989,0.9601,0.8789,0.9997,A,true,invoice,A,true,invoice
FACTU2020020071,1,invoice,0.9803,0.8823,0.9998,0.9738,0.8254,0.9997,A,true,invoice,A,true,invoice
FACTU2020020072,1,invoice,0.9777,0.9226,0.9997,0.9700,0.7105,0.9985,A,true,invoice,A,true,invoice
FACTU2020020073,1,invoice,0.9785,1.0000,0.9999,0.9776,0.9684,0.9998,A,true,invoice,A,true,invoice
FACTU2020020074,1,invoice,0.9688,0.9528,0.9996,0.9042,0.7768,0.9990,A,true,invoice,A,true,invoice
FACTU2020020075,1,invoice,0.9777,0.9457,0.9998,0.9667,0.8352,0.9996,A,true,invoice,A,true,invoice
FACTU2020020076,1,invoice,0.9775,0.9587,0.9995,0.9558,0.8476,0.9995,A,true,invoice,A,true,invoice
FACTU2020030049,1,invoice,0.9798,0.8774,0.9998,0.9763,0.8878,0.9996,A,true,invoice,A,true,invoice
FACTU2020030050,1,invoice,0.9838,0.9552,0.9998,0.9773,0.8604,0.9995,A,true,invoice,A,true,invoice
FACTU2020030051,1,invoice,0.9522,0.9024,0.9990,0.9105,0.8472,0.9964,A,true,invoice,A,true,invoice
FACTU2020030055,1,invoice,0.9825,0.9599,0.9994,0.9765,0.8328,0.9989,A,true,invoice,A,true,invoice
FACTU2020030059,1,invoice,0.9817,0.9432,0.9999,0.9711,0.8538,0.9999,A,true,invoice,A,true,invoice
FACTU2020030060,1,invoice,0.9834,1.0000,0.9997,0.9743,0.9558,0.9999,A,true,invoice,A,true,invoice
FACTU2020030061,1,invoice,0.9416,0.8489,0.9993,0.9092,0.8355,0.9986,A,true,invoice,A,true,invoice
FACTU2020030062,1,invoice,0.9762,0.9031,0.9996,0.9692,0.8308,0.9985,A,true,invoice,A,true,invoice
FACTU2020040039,1,invoice,0.9760,0.9052,0.9998,0.9755,0.5122,0.9992,A,true,invoice,A,true,invoice
FACTU2020040040,1,invoice,0.9420,0.7775,0.9988,0.8069,0.6999,0.9947,A,true,invoice,A,true,invoice
FACTU2020040042,1,invoice,0.9815,0.9008,0.9996,0.9733,0.8411,0.9999,A,true,invoice,A,true,invoice
FACTU2020040043,1,invoice,0.9322,0.8283,0.9977,0.9182,0.7945,0.9975,A,true,invoice,A,true,invoice
FACTU2020040045,1,invoice,0.9665,0.9567,0.9978,0.9464,0.8432,0.9995,A,true,invoice,A,true,invoice
FACTU2020040046,1,invoice,0.9838,1.0000,0.9997,0.9751,0.9434,0.9996,A,true,invoice,A,true,invoice
FACTU2020040048,1,invoice,0.9776,0.9482,0.9993,0.9646,0.8182,0.9940,A,true,invoice,A,true,invoice
FACTU2020040052,1,invoice,0.9618,0.9157,0.9970,0.9476,0.8210,0.9993,A,true,invoice,A,true,invoice
FACTU2020040053,1,invoice,0.9809,0.9613,0.9996,0.9769,0.8855,1.0000,A,true,invoice,A,true,invoice
FACTU2020040054,1,invoice,0.9830,1.0000,0.9997,0.9751,0.9554,0.9998,A,true,invoice,A,true,invoice
FACTU2020040055,1,invoice,0.9454,0.8232,0.9828,0.9224,0.8145,0.8850,A,true,invoice,A,true,invoice
FACTU2020040056,1,invoice,0.9787,1.0000,0.9996,0.9785,0.9630,0.9997,A,true,invoice,A,true,invoice
FACTU2020040057,1,invoice,0.9826,0.9999,0.9997,0.9682,0.9490,0.9991,A,true,invoice,A,true,invoice
FACTU2020050046,1,invoice,0.9704,0.9726,0.9984,0.9513,0.8501,0.9993,A,true,invoice,A,true,invoice
FACTU2020050047,1,invoice,0.9831,0.9751,0.9998,0.9744,0.8826,1.0000,A,true,invoice,A,true,invoice
FACTU2020050048,1,invoice,0.9721,0.9256,0.9989,0.9741,0.8680,0.9999,A,true,invoice,A,true,invoice
FACTU2020050049,1,invoice,0.9816,0.9180,0.9999,0.9810,0.8583,1.0000,A,true,invoice,A,true,invoice
FACTU2020050050,1,invoice,0.9650,0.8896,0.9995,0.9598,0.8270,0.9999,A,true,invoice,A,true,invoice
FACTU2020050051,1,invoice,0.9698,0.9478,0.9994,0.9714,0.8940,0.9997,A,true,invoice,A,true,invoice
FACTU2020050053,1,invoice,0.9834,0.9386,0.9998,0.9722,0.8433,0.9995,A,true,invoice,A,true,invoice
FACTU2020050059,1,invoice,0.9616,0.8553,0.9985,0.9710,0.7918,0.9963,A,true,invoice,A,true,invoice
FACTU2020050060,1,invoice,0.9714,0.9333,0.9993,0.9634,0.8444,0.9982,A,true,invoice,A,true,invoice
FACTU2020050061,1,invoice,0.9570,0.7957,0.9983,0.9723,0.7908,0.9980,A,true,invoice,A,true,invoice
FACTU2020060046,1,invoice,0.9668,0.9490,0.9995,0.9640,0.8503,0.9999,A,true,invoice,A,true,invoice
FACTU2020060047,1,invoice,0.9774,0.9576,0.9994,0.9700,0.7667,0.9999,A,true,invoice,A,true,invoice
FACTU2020060048,1,invoice,0.9409,0.8556,0.9537,0.8955,0.8206,0.9281,A,true,invoice,A,true,invoice
FACTU2020060051,1,invoice,0.9702,0.9320,0.9991,0.9596,0.8337,0.9997,A,true,invoice,A,true,invoice
FACTU2020060052,1,invoice,0.9758,0.8959,0.9995,0.9777,0.8227,0.9995,A,true,invoice,A,true,invoice
FACTU2020060061,1,invoice,0.9676,0.8704,0.9998,0.9678,0.8313,0.9995,A,true,invoice,A,true,invoice
FACTU2020060062,1,invoice,0.9665,0.9140,0.9988,0.9343,0.7805,0.9994,A,true,invoice,A,true,invoice
FACTU2020060063,1,invoice,0.9232,0.8009,0.9981,0.8810,0.7726,0.9965,A,true,invoice,A,true,invoice
FACTU2020060064,1,invoice,0.9770,0.9509,0.9998,0.9685,0.8591,1.0000,A,true,invoice,A,true,invoice
FACTU2020060065,1,invoice,0.9674,0.8747,0.9996,0.9713,0.8161,0.9995,A,true,invoice,A,true,invoice
FACTU2020060066,1,invoice,0.9816,0.9066,0.9997,0.9774,0.9082,0.9997,A,true,invoice,A,true,invoice
FACTU2020060067,1,invoice,0.9847,0.9998,0.9997,0.9730,0.9461,0.9995,A,true,invoice,A,true,invoice
FACTU2020070051,1,invoice,0.9818,1.0000,0.9998,0.9776,0.9532,0.9997,A,true,invoice,A,true,invoice
FACTU2020070052,1,invoice,0.9750,0.9472,0.9996,0.9573,0.8200,0.9997,A,true,invoice,A,true,invoice
FACTU2020070054,1,invoice,0.9730,0.9706,0.9994,0.9615,0.8411,0.9995,A,true,invoice,A,true,invoice
FACTU2020070055,1,invoice,0.9726,0.9438,0.9994,0.9493,0.7831,0.9970,A,true,invoice,A,true,invoice
FACTU2020070057,1,invoice,0.9753,0.9334,0.9993,0.9661,0.8406,0.9999,A,true,invoice,A,true,invoice
FACTU2020070058,1,invoice,0.9805,0.9261,0.9995,0.9715,0.7994,0.9986,A,true,invoice,A,true,invoice
FACTU2020070059,1,invoice,0.9821,0.9761,0.9999,0.9649,0.8351,0.9987,A,true,invoice,A,true,invoice
FACTU2020070060,1,invoice,0.9833,0.9137,0.9999,0.9744,0.8511,0.9982,A,true,invoice,A,true,invoice
FACTU2020070061,1,invoice,0.9851,1.0000,0.9997,0.9780,0.9553,0.9997,A,true,invoice,A,true,invoice
FACTU2020070062,1,invoice,0.9625,0.9219,0.9997,0.9730,0.8334,0.9998,A,true,invoice,A,true,invoice
FACTU2020080041,1,invoice,0.9852,1.0000,0.9998,0.9740,0.9511,0.9994,A,true,invoice,A,true,invoice
FACTU2020080042,1,invoice,0.9793,0.8713,0.9994,0.9756,0.7553,0.9920,A,true,invoice,A,true,invoice
FACTU2020080043,1,invoice,0.9691,0.9328,0.9930,0.9616,0.7599,0.9956,A,true,invoice,A,true,invoice
FACTU2020080045,1,invoice,0.9803,0.8798,0.9998,0.9789,0.8882,0.9996,A,true,invoice,A,true,invoice
FACTU2020080049,1,invoice,0.9768,0.8967,0.9989,0.9712,0.8138,1.0000,A,true,invoice,A,true,invoice
FACTU2020080050,1,invoice,0.9607,0.9364,0.9994,0.9548,0.8222,0.9998,A,true,invoice,A,true,invoice
FACTU2020080051,1,invoice,0.9776,0.9639,0.9987,0.9508,0.8449,0.9987,A,true,invoice,A,true,invoice
FACTU2020080052,1,invoice,0.9854,1.0000,0.9997,0.9795,0.9742,0.9997,A,true,invoice,A,true,invoice
FACTU2020090042,1,invoice,0.9802,0.9210,0.9996,0.9653,0.8520,0.9993,A,true,invoice,A,true,invoice
FACTU2020090043,1,invoice,0.9486,0.8644,0.9990,0.8985,0.8227,0.9960,A,true,invoice,A,true,invoice
FACTU2020090044,1,invoice,0.9705,0.9063,0.9992,0.9652,0.8456,0.9996,A,true,invoice,A,true,invoice
FACTU2020090045,1,invoice,0.9785,0.9609,0.9995,0.9621,0.8268,0.9995,A,true,invoice,A,true,invoice
FACTU2020090046,1,invoice,0.9490,0.8688,0.9990,0.9609,0.8763,0.9971,A,true,invoice,A,true,invoice
FACTU2020090047,1,invoice,0.9732,0.8638,0.9995,0.9707,0.8528,0.9991,A,true,invoice,A,true,invoice
FACTU2020090052,1,invoice,0.9681,0.9731,0.9986,0.9644,0.8649,0.9999,A,true,invoice,A,true,invoice
FACTU2020090059,1,invoice,0.9841,1.0000,0.9998,0.9795,0.9939,0.9997,A,true,invoice,A,true,invoice
FACTU2020090060,1,invoice,0.9753,0.8697,0.9996,0.9745,0.8176,0.9996,A,true,invoice,A,true,invoice
FACTU2020090061,1,invoice,0.9785,0.9068,0.9997,0.9716,0.7271,0.9957,A,true,invoice,A,true,invoice
FACTU2020090062,1,invoice,0.9831,1.0000,0.9997,0.9779,0.9551,0.9996,A,true,invoice,A,true,invoice
FACTU2020100048,1,invoice,0.9813,0.9996,0.9995,0.9778,0.8731,0.9979,A,true,invoice,A,true,invoice
FACTU2020100049,1,invoice,0.9795,0.9117,0.9988,0.9646,0.8573,0.9995,A,true,invoice,A,true,invoice
FACTU2020100051,1,invoice,0.9789,0.9247,0.9999,0.9724,0.6737,0.9988,A,true,invoice,A,true,invoice
FACTU2020100052,1,invoice,0.9712,0.9621,0.9995,0.9578,0.8306,0.9995,A,true,invoice,A,true,invoice
FACTU2020100056,1,invoice,0.9836,1.0000,0.9999,0.9674,0.9214,0.9994,A,true,invoice,A,true,invoice
FACTU2020100057,1,invoice,0.9773,0.9109,0.9993,0.9769,0.8110,0.9986,A,true,invoice,A,true,invoice
FACTU2020100058,1,invoice,0.9755,0.9524,0.9997,0.9651,0.8604,0.9986,A,true,invoice,A,true,invoice
FACTU2020100062,1,invoice,0.9843,1.0000,0.9999,0.9768,0.9508,0.9997,A,true,invoice,A,true,invoice
FACTU2020100063,1,invoice,0.9793,0.9730,0.9996,0.9685,0.8686,0.9997,A,true,invoice,A,true,invoice
FACTU2020100064,1,invoice,0.9607,0.8684,0.9995,0.9500,0.8309,0.9993,A,true,invoice,A,true,invoice
FACTU2020100065,1,invoice,0.9726,0.8634,0.9994,0.9597,0.8386,0.9935,A,true,invoice,A,true,invoice
FACTU2020110045,1,invoice,0.9753,0.9574,0.9998,0.9663,0.8661,0.9997,A,true,invoice,A,true,invoice
FACTU2020110046,1,invoice,0.9771,0.8502,0.9996,0.9661,0.8350,0.9989,A,true,invoice,A,true,invoice
FACTU2020110051,1,invoice,0.9733,0.9559,0.9985,0.9544,0.8146,0.9989,A,true,invoice,A,true,invoice
FACTU2020110052,1,invoice,0.9670,0.8706,0.9989,0.9712,0.7796,1.0000,A,true,invoice,A,true,invoice
FACTU2020110053,1,invoice,0.9703,0.8733,0.9995,0.9759,0.8559,0.9997,A,true,invoice,A,true,invoice
FACTU2020110054,1,invoice,0.9525,0.8556,0.9991,0.8832,0.7213,0.9933,A,true,invoice,A,true,invoice
FACTU2020110055,1,invoice,0.9739,0.8928,0.9999,0.9701,0.8713,0.9996,A,true,invoice,A,true,invoice
FACTU2020110056,1,invoice,0.9742,0.9374,0.9989,0.9662,0.7475,0.9965,A,true,invoice,A,true,invoice
FACTU2020110057,1,invoice,0.9660,0.8853,0.9996,0.9437,0.8012,0.9996,A,true,invoice,A,true,invoice
FACTU2020110058,1,invoice,0.9862,0.9472,0.9999,0.9759,0.8751,0.9995,A,true,invoice,A,true,invoice
FACTU2020110059,1,invoice,0.9763,0.8311,0.9993,0.9768,0.3847,0.9991,A,true,invoice,A,false,invoice
FACTU2020120040,1,invoice,0.9753,0.9959,0.9994,0.9708,0.8494,0.9998,A,true,invoice,A,true,invoice
FACTU2020120041,1,invoice,0.9728,0.9215,0.9998,0.9631,0.8580,0.9995,A,true,invoice,A,true,invoice
FACTU2020120042,1,invoice,0.9764,0.9556,0.9996,0.9424,0.8235,0.9997,A,true,invoice,A,true,invoice
FACTU2020120043,1,invoice,0.9688,0.9737,0.9993,0.9705,0.7722,0.9958,A,true,invoice,A,true,invoice
FACTU2020120049,1,invoice,0.9803,0.9394,0.9997,0.9803,0.7824,0.9992,A,true,invoice,A,true,invoice
FACTU2020120050,1,invoice,0.9771,0.9237,0.9982,0.9702,0.6528,0.9965,A,true,invoice,A,true,invoice
FACTU2020120051,1,invoice,0.9849,0.9611,0.9999,0.9755,0.8530,1.0000,A,true,invoice,A,true,invoice
FACTU2020120052,1,invoice,0.9802,0.9686,0.9992,0.9790,0.8776,0.9996,A,true,invoice,A,true,invoice
FACTU2020120053,1,invoice,0.9724,0.9677,0.9999,0.9627,0.8505,0.9999,A,true,invoice,A,true,invoice
FACTU2020120054,1,invoice,0.9765,0.9556,0.9994,0.9724,0.7300,0.9986,A,true,invoice,A,true,invoice
FACTU2020120055,1,invoice,0.9370,0.8208,0.9801,0.8953,0.8195,0.8752,A,true,invoice,A,true,invoice
FACTU2020120056,1,invoice,0.9818,0.9414,0.9998,0.9642,0.8259,0.9992,A,true,invoice,A,true,invoice
FACTU2021010044,1,invoice,0.9817,0.9696,0.9975,0.9752,0.8160,0.9872,A,true,invoice,A,true,invoice
FACTU2021010045,1,invoice,0.9795,0.9710,0.9997,0.9613,0.8450,0.9989,A,true,invoice,A,true,invoice
FACTU2021010051,1,invoice,0.9819,1.0000,0.9997,0.9722,0.9462,0.9996,A,true,invoice,A,true,invoice
FACTU2021010052,1,invoice,0.9863,1.0000,0.9999,0.9745,0.9448,0.9999,A,true,invoice,A,true,invoice
FACTU2021010055,1,invoice,0.9576,0.7508,0.9988,0.9594,0.7297,0.9900,A,true,invoice,A,true,invoice
FACTU2021010056,1,invoice,0.9733,0.9679,0.9994,0.9390,0.8800,0.9988,A,true,invoice,A,true,invoice
FACTU2021010057,1,invoice,0.9782,0.9637,0.9997,0.9609,0.8244,0.9991,A,true,invoice,A,true,invoice
FACTU2021010058,1,invoice,0.9794,0.9193,0.9996,0.9741,0.7912,0.9991,A,true,invoice,A,true,invoice
FACTU2021010059,1,invoice,0.9795,0.9002,0.9992,0.9727,0.8414,0.9992,A,true,invoice,A,true,invoice
FACTU2021010060,1,invoice,0.9758,0.9426,0.9984,0.9630,0.8109,0.9875,A,true,invoice,A,true,invoice
FACTU2021010061,1,invoice,0.9796,0.8778,0.9999,0.9804,0.8784,0.9996,A,true,invoice,A,true,invoice
FACTU2021010062,1,invoice,0.9789,0.8988,0.9994,0.9569,0.8316,0.9961,A,true,invoice,A,true,invoice
FACTU2021010063,1,invoice,0.9714,0.9439,0.9996,0.9670,0.8282,0.9987,A,true,invoice,A,true,invoice
FACTU2021020037,1,invoice,0.9722,0.9367,0.9985,0.9697,0.7260,0.9880,A,true,invoice,A,true,invoice
FACTU2021020038,1,invoice,0.9787,0.9325,0.9997,0.9779,0.8536,0.9999,A,true,invoice,A,true,invoice
FACTU2021020039,1,invoice,0.9759,0.9370,0.9995,0.9731,0.8898,0.9993,A,true,invoice,A,true,invoice
FACTU2021020044,1,invoice,0.9822,0.9446,0.9995,0.9727,0.8243,1.0000,A,true,invoice,A,true,invoice
FACTU2021020048,1,invoice,0.9808,0.9939,0.9998,0.9727,0.9315,0.9996,A,true,invoice,A,true,invoice
FACTU2021020049,1,invoice,0.9552,0.9253,0.9994,0.9566,0.8331,0.9980,A,true,invoice,A,true,invoice
FACTU2021020050,1,invoice,0.9699,0.9330,0.9993,0.9657,0.8726,0.9997,A,true,invoice,A,true,invoice
FACTU2021020051,1,invoice,0.9789,0.8577,0.9991,0.9765,0.8169,0.9994,A,true,invoice,A,true,invoice
FACTU2021020052,1,invoice,0.9696,0.8143,0.9989,0.9569,0.7659,0.9931,A,true,invoice,A,true,invoice
FACTU2021020053,1,invoice,0.9852,1.0000,0.9998,0.9795,0.9642,0.9995,A,true,invoice,A,true,invoice
FACTU2021020054,1,invoice,0.9814,0.9207,0.9997,0.9750,0.8683,0.9991,A,true,invoice,A,true,invoice
FACTU2021030037,1,invoice,0.9728,0.9554,0.9987,0.9681,0.7613,0.9923,A,true,invoice,A,true,invoice
FACTU2021030038,1,invoice,0.9745,0.9478,0.9999,0.9692,0.8516,0.9999,A,true,invoice,A,true,invoice
FACTU2021030039,1,invoice,0.9849,1.0000,0.9997,0.9742,0.9429,0.9995,A,true,invoice,A,true,invoice
FACTU2021030041,1,invoice,0.9784,0.9009,0.9997,0.9718,0.3920,0.9966,A,true,invoice,A,false,invoice
FACTU2021030043,1,invoice,0.9843,0.9628,0.9995,0.9728,0.8525,0.9990,A,true,invoice,A,true,invoice
FACTU2021030045,1,invoice,0.9833,1.0000,0.9999,0.9767,0.9828,0.9997,A,true,invoice,A,true,invoice
FACTU2021030046,1,invoice,0.9684,0.8541,0.9993,0.9758,0.8109,0.9991,A,true,invoice,A,true,invoice
FACTU2021030047,1,invoice,0.9847,1.0000,0.9995,0.9701,0.7321,0.9991,A,true,invoice,A,true,invoice
FACTU2021040032,1,invoice,0.9738,0.8799,0.9997,0.9727,0.8687,0.9993,A,true,invoice,A,true,invoice
FACTU2021040034,1,invoice,0.9609,0.8033,0.9983,0.9707,0.7566,0.9976,A,true,invoice,A,true,invoice
FACTU2021040035,1,invoice,0.9121,0.8172,0.9971,0.9002,0.6970,0.9946,A,true,invoice,A,true,invoice
FACTU2021040037,1,invoice,0.9782,0.8814,0.9999,0.9763,0.8642,0.9992,A,true,invoice,A,true,invoice
FACTU2021040039,1,invoice,0.9710,0.9367,0.9991,0.9705,0.8787,0.9999,A,true,invoice,A,true,invoice
FACTU2021040040,1,invoice,0.9691,0.9522,0.9998,0.9541,0.8126,0.9991,A,true,invoice,A,true,invoice
FACTU2021040041,1,invoice,0.9731,0.9223,0.9997,0.9565,0.7963,0.9994,A,true,invoice,A,true,invoice
FACTU2021040042,1,invoice,0.9732,0.9567,0.9998,0.9530,0.8472,0.9996,A,true,invoice,A,true,invoice
FACTU2021050050,1,invoice,0.9285,0.8291,0.9988,0.9405,0.7244,0.9985,A,true,invoice,A,true,invoice
FACTU2021050051,1,invoice,0.9839,0.9584,0.9998,0.9702,0.9145,0.9995,A,true,invoice,A,true,invoice
FACTU2021050052,1,invoice,0.9802,0.9219,0.9989,0.9706,0.7584,0.9987,A,true,invoice,A,true,invoice
FACTU2021050054,1,invoice,0.9803,0.9148,0.9997,0.9731,0.7694,0.9992,A,true,invoice,A,true,invoice
FACTU2021050058,1,invoice,0.9760,0.9591,0.9993,0.9652,0.8814,0.9997,A,true,invoice,A,true,invoice
FACTU2021050059,1,invoice,0.9718,0.9582,0.9968,0.9674,0.8835,0.9998,A,true,invoice,A,true,invoice
FACTU2021050060,1,invoice,0.9830,1.0000,0.9997,0.9750,0.9498,0.9999,A,true,invoice,A,true,invoice
FACTU2021050061,1,invoice,0.9748,0.8991,0.9998,0.9776,0.8495,0.9996,A,true,invoice,A,true,invoice
FACTU2021050062,1,invoice,0.9723,0.9666,0.9973,0.9534,0.8322,0.9994,A,true,invoice,A,true,invoice
FACTU2021050063,1,invoice,0.9785,0.9429,0.9914,0.9762,0.6799,0.9936,A,true,invoice,A,true,invoice
FACTU2021050064,1,invoice,0.9852,1.0000,0.9998,0.9748,0.9495,0.9996,A,true,invoice,A,true,invoice
FACTU2021060041,1,invoice,0.9848,0.9666,0.9999,0.9694,0.8302,0.9994,A,true,invoice,A,true,invoice
FACTU2021060042,1,invoice,0.9722,0.9224,0.9986,0.9621,0.8338,0.9991,A,true,invoice,A,true,invoice
FACTU2021060043,1,invoice,0.9657,0.9498,0.9997,0.9428,0.7543,0.9988,A,true,invoice,A,true,invoice
FACTU2021060045,1,invoice,0.9671,0.9125,0.9996,0.9312,0.7867,0.9972,A,true,invoice,A,true,invoice
FACTU2021060046,1,invoice,0.9654,0.9222,0.9936,0.9346,0.8293,0.9784,A,true,invoice,A,true,invoice
FACTU2021060047,1,invoice,0.9793,0.8642,0.9995,0.9696,0.6481,0.9992,A,true,invoice,A,true,invoice
FACTU2021060048,1,invoice,0.9786,0.9775,0.9998,0.9662,0.8789,0.9998,A,true,invoice,A,true,invoice
FACTU2021060049,1,invoice,0.9747,0.9591,0.9984,0.9720,0.8403,0.9996,A,true,invoice,A,true,invoice
FACTU2021060050,1,invoice,0.9695,0.9655,0.9984,0.9629,0.8372,1.0000,A,true,invoice,A,true,invoice
FACTU2021060051,1,invoice,0.9786,0.9903,0.9995,0.9737,0.8613,1.0000,A,true,invoice,A,true,invoice
FACTU2021060052,1,invoice,0.9653,0.9523,0.9997,0.9485,0.8486,0.9996,A,true,invoice,A,true,invoice
FACTU2021070036,1,invoice,0.9789,0.9593,0.9995,0.9735,0.8777,1.0000,A,true,invoice,A,true,invoice
FACTU2021070038,1,invoice,0.9757,0.9620,0.9985,0.9512,0.7999,0.9888,A,true,invoice,A,true,invoice
FACTU2021070042,1,invoice,0.9743,0.9463,0.9976,0.9626,0.8147,0.9899,A,true,invoice,A,true,invoice
FACTU2021070049,1,invoice,0.9834,1.0000,0.9997,0.9756,0.9392,0.9997,A,true,invoice,A,true,invoice
FACTU2021070050,1,invoice,0.9736,0.9864,0.9993,0.9470,0.7735,0.9994,A,true,invoice,A,true,invoice
FACTU2021070051,1,invoice,0.9763,0.8185,0.9995,0.9715,0.7898,0.9996,A,true,invoice,A,true,invoice
FACTU2021070052,1,invoice,0.9737,0.8705,0.9995,0.9713,0.8141,0.9989,A,true,invoice,A,true,invoice
FACTU2021070053,1,invoice,0.9684,0.8457,0.9997,0.9704,0.8116,0.9997,A,true,invoice,A,true,invoice
FACTU2021080049,1,invoice,0.9818,0.9893,0.9984,0.9783,0.7838,0.9983,A,true,invoice,A,true,invoice
FACTU2021080051,1,invoice,0.9806,0.9457,0.9999,0.9784,0.8472,0.9994,A,true,invoice,A,true,invoice
FACTU2021080055,1,invoice,0.9730,0.9613,0.9987,0.9693,0.8944,0.9999,A,true,invoice,A,true,invoice
FACTU2021080056,1,invoice,0.9786,0.9764,0.9994,0.9690,0.7666,0.9995,A,true,invoice,A,true,invoice
FACTU2021080057,1,invoice,0.9691,0.9455,0.9997,0.9742,0.8541,1.0000,A,true,invoice,A,true,invoice
FACTU2021080058,1,invoice,0.9708,0.9442,0.9988,0.9571,0.8487,0.9993,A,true,invoice,A,true,invoice
FACTU2021090036,1,invoice,0.9778,0.9752,0.9996,0.9555,0.8495,0.9997,A,true,invoice,A,true,invoice
FACTU2021090044,1,invoice,0.9765,0.9621,0.9991,0.9615,0.8359,0.9995,A,true,invoice,A,true,invoice
FACTU2021090045,1,invoice,0.9845,1.0000,0.9997,0.9715,0.9554,0.9997,A,true,invoice,A,true,invoice
FACTU2021100051,1,invoice,0.9662,0.9635,0.9968,0.9675,0.8816,0.9998,A,true,invoice,A,true,invoice
FACTU2021100052,1,invoice,0.9676,0.9389,0.9945,0.9624,0.8198,0.9893,A,true,invoice,A,true,invoice
FACTU2021100058,1,invoice,0.9788,0.8483,0.9995,0.9732,0.7039,0.9963,A,true,invoice,A,true,invoice
FACTU2021100059,1,invoice,0.9740,0.9689,0.9992,0.9673,0.8324,0.9995,A,true,invoice,A,true,invoice
FACTU2021100060,1,invoice,0.9788,0.9198,0.9996,0.9711,0.8649,0.9998,A,true,invoice,A,true,invoice
FACTU2021110047,1,invoice,0.9767,0.9609,0.9992,0.9672,0.8543,0.9994,A,true,invoice,A,true,invoice
FACTU2021110048,1,invoice,0.9700,0.9698,0.9994,0.9480,0.8304,0.9994,A,true,invoice,A,true,invoice
FACTU2021110051,1,invoice,0.9785,0.9557,0.9953,0.9755,0.7916,0.9974,A,true,invoice,A,true,invoice
FACTU2021110052,1,invoice,0.9770,0.9514,0.9994,0.9729,0.8214,0.9955,A,true,invoice,A,true,invoice
FACTU2021110053,1,invoice,0.9840,1.0000,0.9997,0.9724,0.9443,0.9996,A,true,invoice,A,true,invoice
FACTU2021110055,1,invoice,0.9690,0.9433,0.9975,0.9691,0.8365,0.9998,A,true,invoice,A,true,invoice
FACTU2021110056,1,invoice,0.9831,0.9046,0.9991,0.9695,0.7364,0.9947,A,true,invoice,A,true,invoice
FACTU2021110057,1,invoice,0.9723,0.8109,0.9994,0.9601,0.7843,0.9976,A,true,invoice,A,true,invoice
FACTU2021110058,1,invoice,0.9802,0.9524,0.9998,0.9732,0.8931,1.0000,A,true,invoice,A,true,invoice
FACTU2021110059,1,invoice,0.9686,0.9311,0.9877,0.9704,0.7471,0.9860,A,true,invoice,A,true,invoice
FACTU2021120044,1,invoice,0.9678,0.9633,0.9996,0.9573,0.8481,0.9996,A,true,invoice,A,true,invoice
FACTU2021120049,1,invoice,0.9780,0.9310,0.9997,0.9770,0.8498,1.0000,A,true,invoice,A,true,invoice
FACTU2021120051,1,invoice,0.9820,1.0000,0.9997,0.9682,0.9347,0.9995,A,true,invoice,A,true,invoice
FACTU2021120052,1,invoice,0.9842,1.0000,0.9997,0.9748,0.9594,0.9995,A,true,invoice,A,true,invoice
FACTU2021120053,1,invoice,0.9775,0.8982,0.9993,0.9708,0.8273,0.9979,A,true,invoice,A,true,invoice
FACTU2021120054,1,invoice,0.9818,0.9643,0.9995,0.9732,0.7541,0.9991,A,true,invoice,A,true,invoice
FACTU2021120055,1,invoice,0.9419,0.8104,0.9987,0.8508,0.8033,0.9867,A,true,invoice,A,true,invoice
FACTU2022010041,1,invoice,0.9774,0.9755,0.9996,0.9766,0.9485,0.9993,A,true,invoice,A,true,invoice
FACTU2022010042,1,invoice,0.9671,0.9429,0.9993,0.9417,0.8183,0.9989,A,true,invoice,A,true,invoice
FACTU2022010043,1,invoice,0.9850,0.9463,0.9999,0.9710,0.8379,0.9996,A,true,invoice,A,true,invoice
FACTU2022010046,1,invoice,0.9795,0.9946,0.9997,0.9757,0.8981,1.0000,A,true,invoice,A,true,invoice
FACTU2022010048,1,invoice,0.9529,0.8706,0.9984,0.8936,0.8256,0.9952,A,true,invoice,A,true,invoice
FACTU2022010049,1,invoice,0.9792,0.8790,0.9999,0.9748,0.8511,0.9998,A,true,invoice,A,true,invoice
FACTU2022010050,1,invoice,0.9604,0.8821,0.9945,0.9461,0.7756,0.9868,A,true,invoice,A,true,invoice
FACTU2022010051,1,invoice,0.9776,0.9580,0.9934,0.9637,0.7885,0.9948,A,true,invoice,A,true,invoice
FACTU2022010052,1,invoice,0.9736,0.8097,0.9995,0.9709,0.6696,0.9990,A,true,invoice,A,true,invoice
doc_001,0,doc,0.1302,0.0374,0.0046,0.1029,0.0038,0.0116,B,false,other,B,false,other
doc_002,0,doc,0.2366,0.2011,0.0245,0.1305,0.1012,0.0036,B,false,other,B,false,receipt
doc_003,0,doc,0.1403,0.0326,0.0218,0.0540,0.0279,0.0152,B,false,other,B,false,other
doc_004,0,doc,0.1795,0.0797,0.0125,0.0871,0.0002,0.0145,B,false,other,B,false,other
doc_005,0,doc,0.2070,0.2183,0.0563,0.1811,0.1457,0.0345,B,false,other,B,false,other
doc_006,0,doc,0.5715,0.1763,0.1261,0.1170,0.0001,0.0108,A,false,other,B,false,other
doc_007,0,doc,0.1368,0.0272,0.0055,0.0730,0.0005,0.0069,B,false,other,B,false,other
doc_008,0,doc,0.3345,0.3417,0.0863,0.0893,0.0679,0.0129,B,false,other,B,false,other
doc_009,0,doc,0.1477,0.0618,0.0167,0.0383,0.0002,0.0024,B,false,other,B,false,other
doc_010,0,doc,0.2396,0.2148,0.0886,0.1058,0.0323,0.0060,B,false,other,B,false,other
doc_011,0,doc,0.2367,0.0669,0.0138,0.0650,0.0001,0.0080,B,false,other,B,false,other
doc_012,0,doc,0.1569,0.1019,0.0444,0.1180,0.0488,0.0258,B,false,other,B,false,other
doc_013,0,doc,0.1695,0.0538,0.0244,0.0901,0.0294,0.0141,B,false,other,B,false,other
doc_014,0,doc,0.1842,0.1736,0.0210,0.1548,0.0845,0.0302,B,false,other,B,false,other
doc_015,0,doc,0.1214,0.0059,0.0149,0.0293,0.0000,0.0030,B,false,other,B,false,other
doc_016,0,doc,0.0807,0.0069,0.0130,0.0758,0.0052,0.0475,B,false,other,B,false,other
doc_017,0,doc,0.1478,0.1064,0.0147,0.1068,0.0507,0.0134,B,false,other,B,false,other
doc_018,0,doc,0.2249,0.1810,0.0231,0.1103,0.0392,0.0170,B,false,other,B,false,other
doc_019,0,doc,0.1918,0.1238,0.0363,0.0588,0.0001,0.0054,B,false,other,B,false,other
doc_020,0,doc,0.1749,0.0503,0.0375,0.1166,0.0420,0.0267,B,false,other,B,false,receipt
doc_021,0,doc,0.1086,0.0642,0.0134,0.0673,0.0111,0.0301,B,false,other,B,false,other
doc_022,0,doc,0.2657,0.2179,0.0983,0.1067,0.0514,0.0184,B,false,other,B,false,other
doc_023,0,doc,0.2451,0.2132,0.0203,0.0838,0.0215,0.0109,B,false,other,B,false,other
doc_024,0,doc,0.1829,0.1303,0.0902,0.1872,0.1000,0.0241,B,false,other,B,false,receipt
doc_025,0,doc,0.2275,0.2701,0.1361,0.1175,0.1266,0.0676,B,false,other,B,false,other
doc_026,0,doc,0.1679,0.1039,0.0505,0.0936,0.0004,0.0456,B,false,other,B,false,other
doc_027,0,doc,0.0892,0.0016,0.0090,0.0356,0.0001,0.0080,B,false,other,B,false,other
doc_028,0,doc,0.0655,0.0054,0.0140,0.0554,0.0006,0.0326,B,false,other,B,false,other
doc_029,0,doc,0.1991,0.2081,0.0151,0.0999,0.0883,0.0166,B,false,other,B,false,other
doc_030,0,doc,0.1141,0.0424,0.0034,0.0765,0.0006,0.0089,B,false,other,B,false,other
doc_031,0,doc,0.1708,0.2031,0.1159,0.0946,0.0159,0.0259,B,false,other,B,false,other
doc_032,0,doc,0.1214,0.0059,0.0149,0.0558,0.0001,0.0058,B,false,other,B,false,other
doc_033,0,doc,0.1538,0.0056,0.0181,0.0901,0.0000,0.0205,B,false,other,B,false,other
doc_034,0,doc,0.1895,0.0066,0.0361,0.0762,0.0000,0.0165,B,false,other,B,false,other
doc_035,0,doc,0.2964,0.2241,0.1085,0.2580,0.1542,0.0855,B,false,other,B,false,other
lookalike_bank_statement_017,0,lookalike_bank_statement,0.3236,0.2067,0.0035,0.3290,0.1682,0.0085,B,false,statement,B,false,statement
lookalike_bank_statement_046,0,lookalike_bank_statement,0.3010,0.1731,0.0021,0.2837,0.2494,0.0017,B,false,statement,B,false,statement
lookalike_bank_statement_068,0,lookalike_bank_statement,0.2995,0.1801,0.0023,0.2315,0.3125,0.0050,B,false,statement,B,false,statement
lookalike_bank_statement_071,0,lookalike_bank_statement,0.3021,0.1805,0.0020,0.4019,0.3022,0.0024,B,false,statement,B,false,statement
lookalike_bank_statement_081,0,lookalike_bank_statement,0.3082,0.1827,0.0025,0.2488,0.2661,0.0103,B,false,statement,B,false,statement
lookalike_bank_statement_095,0,lookalike_bank_statement,0.2889,0.1841,0.0034,0.2949,0.1801,0.0035,B,false,statement,B,false,statement
lookalike_bank_statement_120,0,lookalike_bank_statement,0.3029,0.1687,0.0017,0.2561,0.2954,0.0066,B,false,statement,B,false,statement
lookalike_bank_statement_129,0,lookalike_bank_statement,0.2891,0.1741,0.0020,0.2347,0.2323,0.0018,B,false,statement,B,false,statement
lookalike_bank_statement_133,0,lookalike_bank_statement,0.3065,0.1802,0.0016,0.2005,0.2027,0.0024,B,false,statement,B,false,statement
lookalike_bank_statement_138,0,lookalike_bank_statement,0.3083,0.1891,0.0023,0.1631,0.2442,0.0048,B,false,statement,B,false,statement
lookalike_bank_statement_147,0,lookalike_bank_statement,0.2890,0.1692,0.0019,0.3232,0.1616,0.0058,B,false,statement,B,false,statement
lookalike_bank_statement_152,0,lookalike_bank_statement,0.3023,0.1912,0.0030,0.2387,0.2257,0.0015,B,false,statement,B,false,statement
lookalike_bank_statement_157,0,lookalike_bank_statement,0.3044,0.1861,0.0038,0.2962,0.2045,0.0086,B,false,statement,B,false,statement
lookalike_bank_statement_161,0,lookalike_bank_statement,0.3057,0.1726,0.0018,0.2059,0.1850,0.0029,B,false,statement,B,false,statement
lookalike_bank_statement_166,0,lookalike_bank_statement,0.3041,0.1707,0.0024,0.3274,0.1867,0.0115,B,false,statement,B,false,statement
lookalike_bank_statement_181,0,lookalike_bank_statement,0.2945,0.1833,0.0025,0.2739,0.3129,0.0050,B,false,statement,B,false,statement
lookalike_bank_statement_197,0,lookalike_bank_statement,0.3205,0.1848,0.0022,0.2853,0.3138,0.0058,B,false,statement,B,false,statement
lookalike_bank_statement_198,0,lookalike_bank_statement,0.3120,0.1868,0.0019,0.4302,0.3206,0.0014,B,false,statement,B,false,statement
lookalike_credit_application_011,0,lookalike_credit_application,0.1977,0.1626,0.0565,0.1465,0.0410,0.0212,B,false,other,B,false,other
lookalike_credit_application_042,0,lookalike_credit_application,0.2028,0.1523,0.0589,0.1030,0.1301,0.0247,B,false,other,B,false,other
lookalike_credit_application_052,0,lookalike_credit_application,0.1391,0.0280,0.0587,0.2328,0.1649,0.0481,B,false,other,B,false,purchase_order
lookalike_credit_application_054,0,lookalike_credit_application,0.1742,0.1245,0.0636,0.1965,0.1038,0.0313,B,false,other,B,false,other
lookalike_credit_application_057,0,lookalike_credit_application,0.1536,0.1053,0.0649,0.3103,0.1256,0.0379,B,false,other,B,false,other
lookalike_credit_application_062,0,lookalike_credit_application,0.1733,0.1451,0.0343,0.1640,0.0510,0.0179,B,false,other,B,false,other
lookalike_credit_application_080,0,lookalike_credit_application,0.1614,0.0951,0.0607,0.1224,0.0921,0.0232,B,false,other,B,false,other
lookalike_credit_application_090,0,lookalike_credit_application,0.1630,0.1388,0.0284,0.1353,0.0509,0.0173,B,false,other,B,false,receipt
lookalike_credit_application_094,0,lookalike_credit_application,0.1664,0.1070,0.0248,0.1314,0.0923,0.0281,B,false,other,B,false,other
lookalike_credit_application_105,0,lookalike_credit_application,0.1606,0.0423,0.0601,0.2410,0.1065,0.0310,B,false,other,B,false,other
lookalike_credit_application_111,0,lookalike_credit_application,0.1977,0.1626,0.0565,0.1540,0.0420,0.0226,B,false,other,B,false,other
lookalike_credit_application_116,0,lookalike_credit_application,0.1921,0.1383,0.0576,0.2240,0.1365,0.0332,B,false,other,B,false,other
lookalike_credit_application_135,0,lookalike_credit_application,0.1647,0.1538,0.0267,0.1761,0.1137,0.0201,B,false,receipt,B,false,other
lookalike_credit_application_140,0,lookalike_credit_application,0.1769,0.1456,0.0345,0.1527,0.1116,0.0291,B,false,other,B,false,other
lookalike_credit_application_150,0,lookalike_credit_application,0.1557,0.0963,0.0629,0.1655,0.0967,0.0399,B,false,other,B,false,other
lookalike_credit_application_162,0,lookalike_credit_application,0.1614,0.0951,0.0607,0.1337,0.1191,0.0241,B,false,other,B,false,other
lookalike_credit_application_184,0,lookalike_credit_application,0.1664,0.1070,0.0248,0.1415,0.0930,0.0291,B,false,other,B,false,other
lookalike_credit_application_191,0,lookalike_credit_application,0.1929,0.1399,0.0262,0.1181,0.0776,0.0163,B,false,receipt,B,false,other
lookalike_credit_application_203,0,lookalike_credit_application,0.2028,0.1523,0.0589,0.2744,0.0833,0.0398,B,false,other,B,false,other
lookalike_credit_application_204,0,lookalike_credit_application,0.1557,0.0963,0.0629,0.1758,0.0293,0.0238,B,false,other,B,false,other
lookalike_credit_application_213,0,lookalike_credit_application,0.1664,0.1070,0.0248,0.1146,0.1011,0.0185,B,false,other,B,false,other
lookalike_delivery_note_004,0,lookalike_delivery_note,0.1455,0.2571,0.0038,0.1490,0.2120,0.0200,B,false,purchase_order,B,false,purchase_order
lookalike_delivery_note_007,0,lookalike_delivery_note,0.1875,0.1182,0.0029,0.2379,0.1327,0.0040,B,false,purchase_order,B,false,purchase_order
lookalike_delivery_note_009,0,lookalike_delivery_note,0.1386,0.2046,0.0030,0.1617,0.1398,0.0170,B,false,purchase_order,B,false,purchase_order
lookalike_delivery_note_010,0,lookalike_delivery_note,0.1733,0.1615,0.0031,0.2336,0.1331,0.0024,B,false,purchase_order,B,false,purchase_order
lookalike_delivery_note_014,0,lookalike_delivery_note,0.1665,0.1512,0.0027,0.2108,0.1262,0.0039,B,false,purchase_order,B,false,purchase_order
lookalike_delivery_note_015,0,lookalike_delivery_note,0.1865,0.2543,0.0024,0.1792,0.2140,0.0204,B,false,purchase_order,B,false,purchase_order
lookalike_delivery_note_021,0,lookalike_delivery_note,0.1508,0.1088,0.0031,0.2380,0.1654,0.0015,B,false,purchase_order,B,false,purchase_order
lookalike_delivery_note_029,0,lookalike_delivery_note,0.1548,0.2137,0.0043,0.1710,0.2260,0.0042,B,false,purchase_order,B,false,purchase_order
lookalike_delivery_note_031,0,lookalike_delivery_note,0.1640,0.2592,0.0029,0.1999,0.3213,0.0133,B,false,purchase_order,B,false,purchase_order
lookalike_delivery_note_039,0,lookalike_delivery_note,0.1546,0.1551,0.0021,0.1697,0.2277,0.0207,B,false,purchase_order,B,false,purchase_order
lookalike_delivery_note_050,0,lookalike_delivery_note,0.1535,0.1507,0.0023,0.1907,0.1489,0.0079,B,false,purchase_order,B,false,purchase_order
lookalike_delivery_note_056,0,lookalike_delivery_note,0.1592,0.1769,0.0027,0.0984,0.1204,0.0148,B,false,purchase_order,B,false,purchase_order
lookalike_delivery_note_072,0,lookalike_delivery_note,0.1668,0.1772,0.0026,0.1848,0.2320,0.0017,B,false,purchase_order,B,false,purchase_order
lookalike_delivery_note_089,0,lookalike_delivery_note,0.1689,0.1740,0.0027,0.1796,0.1748,0.0034,B,false,purchase_order,B,false,purchase_order
lookalike_delivery_note_102,0,lookalike_delivery_note,0.1705,0.1119,0.0028,0.2059,0.2033,0.0045,B,false,purchase_order,B,false,purchase_order
lookalike_delivery_note_109,0,lookalike_delivery_note,0.1546,0.2549,0.0043,0.1865,0.1750,0.0023,B,false,purchase_order,B,false,purchase_order
lookalike_delivery_note_113,0,lookalike_delivery_note,0.1564,0.1721,0.0023,0.2278,0.1226,0.0036,B,false,purchase_order,B,false,purchase_order
lookalike_delivery_note_119,0,lookalike_delivery_note,0.1598,0.2555,0.0033,0.2602,0.2901,0.0021,B,false,purchase_order,B,false,purchase_order
lookalike_delivery_note_125,0,lookalike_delivery_note,0.1555,0.3526,0.0020,0.2497,0.2124,0.0023,B,false,purchase_order,B,false,purchase_order
lookalike_delivery_note_141,0,lookalike_delivery_note,0.2033,0.2237,0.0033,0.2129,0.1417,0.0034,B,false,purchase_order,B,false,purchase_order
lookalike_delivery_note_160,0,lookalike_delivery_note,0.1925,0.3287,0.0026,0.2312,0.2342,0.0033,B,false,purchase_order,B,false,purchase_order
lookalike_delivery_note_169,0,lookalike_delivery_note,0.1843,0.1324,0.0025,0.1498,0.1645,0.0109,B,false,purchase_order,B,false,purchase_order
lookalike_delivery_note_175,0,lookalike_delivery_note,0.1635,0.3244,0.0019,0.1801,0.3117,0.0128,B,false,purchase_order,B,false,purchase_order
lookalike_delivery_note_188,0,lookalike_delivery_note,0.1774,0.2563,0.0023,0.3088,0.2624,0.0031,B,false,purchase_order,B,false,purchase_order
lookalike_delivery_note_194,0,lookalike_delivery_note,0.1650,0.1604,0.0024,0.3185,0.3543,0.0016,B,false,purchase_order,B,false,purchase_order
lookalike_delivery_note_200,0,lookalike_delivery_note,0.1696,0.2259,0.0024,0.2000,0.1155,0.0039,B,false,purchase_order,B,false,purchase_order
lookalike_delivery_note_208,0,lookalike_delivery_note,0.1678,0.2740,0.0018,0.1538,0.2238,0.0106,B,false,purchase_order,B,false,purchase_order
lookalike_expense_report_001,0,lookalike_expense_report,0.2993,0.1541,0.0020,0.2058,0.1593,0.0037,B,false,receipt,B,false,receipt
lookalike_expense_report_005,0,lookalike_expense_report,0.1991,0.1591,0.0027,0.2272,0.1445,0.0256,B,false,receipt,B,false,receipt
lookalike_expense_report_006,0,lookalike_expense_report,0.2894,0.1904,0.0026,0.3231,0.2502,0.0328,B,false,receipt,B,false,receipt
lookalike_expense_report_013,0,lookalike_expense_report,0.2605,0.1479,0.0023,0.3191,0.1846,0.0027,B,false,receipt,B,false,receipt
lookalike_expense_report_018,0,lookalike_expense_report,0.2505,0.2286,0.0040,0.2144,0.0995,0.0044,B,false,receipt,B,false,receipt
lookalike_expense_report_027,0,lookalike_expense_report,0.2631,0.1694,0.0061,0.2836,0.1012,0.0015,B,false,receipt,B,false,receipt
lookalike_expense_report_040,0,lookalike_expense_report,0.1975,0.1374,0.0033,0.3603,0.1667,0.0053,B,false,receipt,B,false,receipt
lookalike_expense_report_043,0,lookalike_expense_report,0.1880,0.1714,0.0013,0.4641,0.3102,0.0114,B,false,receipt,B,false,receipt
lookalike_expense_report_044,0,lookalike_expense_report,0.2212,0.1428,0.0035,0.2580,0.1367,0.0433,B,false,receipt,B,false,receipt
lookalike_expense_report_082,0,lookalike_expense_report,0.2472,0.1586,0.0028,0.2100,0.0979,0.0245,B,false,receipt,B,false,receipt
lookalike_expense_report_084,0,lookalike_expense_report,0.1908,0.1344,0.0038,0.2032,0.1528,0.0055,B,false,receipt,B,false,receipt
lookalike_expense_report_100,0,lookalike_expense_report,0.1869,0.1281,0.0068,0.2529,0.1427,0.0073,B,false,receipt,B,false,receipt
lookalike_expense_report_107,0,lookalike_expense_report,0.3454,0.2348,0.0062,0.1882,0.1518,0.0205,B,false,receipt,B,false,receipt
lookalike_expense_report_108,0,lookalike_expense_report,0.2278,0.1578,0.0058,0.1715,0.1818,0.0019,B,false,receipt,B,false,receipt
lookalike_expense_report_130,0,lookalike_expense_report,0.1916,0.1250,0.0069,0.2388,0.1544,0.0060,B,false,receipt,B,false,receipt
lookalike_expense_report_131,0,lookalike_expense_report,0.2749,0.2116,0.0034,0.2528,0.1599,0.0079,B,false,receipt,B,false,receipt
lookalike_expense_report_137,0,lookalike_expense_report,0.2313,0.1305,0.0050,0.3423,0.1492,0.0075,B,false,receipt,B,false,receipt
lookalike_expense_report_139,0,lookalike_expense_report,0.1934,0.1793,0.0072,0.1970,0.1188,0.0073,B,false,receipt,B,false,receipt
lookalike_expense_report_145,0,lookalike_expense_report,0.2021,0.1701,0.0030,0.1583,0.1182,0.0037,B,false,receipt,B,false,receipt
lookalike_expense_report_148,0,lookalike_expense_report,0.3249,0.1501,0.0034,0.2224,0.1557,0.0173,B,false,receipt,B,false,receipt
lookalike_expense_report_155,0,lookalike_expense_report,0.2787,0.2128,0.0085,0.4448,0.1597,0.0057,B,false,receipt,B,false,receipt
lookalike_expense_report_158,0,lookalike_expense_report,0.3711,0.1632,0.0024,0.2413,0.1610,0.0300,B,false,receipt,B,false,receipt
lookalike_expense_report_164,0,lookalike_expense_report,0.2872,0.1198,0.0038,0.2362,0.1361,0.0058,B,false,receipt,B,false,receipt
lookalike_expense_report_177,0,lookalike_expense_report,0.1873,0.1177,0.0035,0.3098,0.1695,0.0164,B,false,receipt,B,false,receipt
lookalike_expense_report_178,0,lookalike_expense_report,0.2388,0.2478,0.0017,0.3498,0.1593,0.0040,B,false,receipt,B,false,receipt
lookalike_expense_report_186,0,lookalike_expense_report,0.2514,0.1912,0.0128,0.2909,0.1409,0.0132,B,false,receipt,B,false,receipt
lookalike_expense_report_189,0,lookalike_expense_report,0.2169,0.1853,0.0014,0.3186,0.1691,0.0065,B,false,receipt,B,false,receipt
lookalike_expense_report_199,0,lookalike_expense_report,0.1804,0.1193,0.0034,0.1716,0.1623,0.0071,B,false,receipt,B,false,receipt
lookalike_expense_report_201,0,lookalike_expense_report,0.3165,0.1966,0.0036,0.3638,0.1394,0.0140,B,false,receipt,B,false,receipt
lookalike_expense_report_214,0,lookalike_expense_report,0.2881,0.1541,0.0033,0.2609,0.1637,0.0151,B,false,receipt,B,false,receipt
lookalike_payslip_032,0,lookalike_payslip,0.1302,0.1011,0.0472,0.1559,0.1089,0.0355,B,false,other,B,false,other
lookalike_payslip_035,0,lookalike_payslip,0.3305,0.2734,0.0492,0.2892,0.2627,0.0131,B,false,statement,B,false,statement
lookalike_payslip_045,0,lookalike_payslip,0.3165,0.1721,0.0388,0.3449,0.2998,0.0592,B,false,statement,B,false,other
lookalike_payslip_060,0,lookalike_payslip,0.1207,0.1079,0.0446,0.2172,0.1303,0.0167,B,false,other,B,false,statement
lookalike_payslip_070,0,lookalike_payslip,0.0946,0.0780,0.0490,0.2188,0.1342,0.0224,B,false,other,B,false,other
lookalike_payslip_073,0,lookalike_payslip,0.1098,0.0606,0.0378,0.1298,0.0648,0.0267,B,false,other,B,false,other
lookalike_payslip_098,0,lookalike_payslip,0.1038,0.0803,0.0342,0.1070,0.0845,0.0392,B,false,other,B,false,other
lookalike_payslip_103,0,lookalike_payslip,0.1142,0.0766,0.0576,0.1719,0.1378,0.0376,B,false,other,B,false,other
lookalike_payslip_104,0,lookalike_payslip,0.1035,0.0728,0.0391,0.1000,0.0450,0.0301,B,false,other,B,false,other
lookalike_payslip_115,0,lookalike_payslip,0.1315,0.1424,0.0457,0.1695,0.1438,0.0439,B,false,other,B,false,other
lookalike_payslip_121,0,lookalike_payslip,0.2916,0.2256,0.0474,0.3683,0.2066,0.0543,B,false,statement,B,false,other
lookalike_payslip_134,0,lookalike_payslip,0.2647,0.1586,0.0482,0.3335,0.2818,0.0557,B,false,other,B,false,other
lookalike_payslip_143,0,lookalike_payslip,0.1354,0.1027,0.0441,0.1126,0.0944,0.0382,B,false,other,B,false,other
lookalike_payslip_146,0,lookalike_payslip,0.2991,0.1632,0.0466,0.3896,0.3090,0.0205,B,false,statement,B,false,receipt
lookalike_payslip_151,0,lookalike_payslip,0.1234,0.0921,0.0423,0.1786,0.0867,0.0460,B,false,other,B,false,other
lookalike_payslip_153,0,lookalike_payslip,0.1248,0.0979,0.0548,0.2005,0.1806,0.0193,B,false,other,B,false,other
lookalike_payslip_159,0,lookalike_payslip,0.1322,0.1559,0.0450,0.1881,0.2114,0.0277,B,false,other,B,false,other
lookalike_payslip_173,0,lookalike_payslip,0.3404,0.1845,0.0448,0.3001,0.2886,0.0652,B,false,statement,B,false,other
lookalike_payslip_187,0,lookalike_payslip,0.1064,0.0661,0.0413,0.1375,0.0926,0.0282,B,false,other,B,false,other
lookalike_payslip_193,0,lookalike_payslip,0.0802,0.0518,0.0367,0.1218,0.0708,0.0615,B,false,other,B,false,other
lookalike_payslip_212,0,lookalike_payslip,0.0950,0.0569,0.0496,0.2089,0.1797,0.0183,B,false,other,B,false,other
lookalike_payslip_215,0,lookalike_payslip,0.0938,0.0318,0.0406,0.1490,0.0979,0.0400,B,false,other,B,false,other
lookalike_purchase_order_012,0,lookalike_purchase_order,0.1528,0.4091,0.0000,0.3354,0.5241,0.0000,B,false,purchase_order,B,true,purchase_order
lookalike_purchase_order_022,0,lookalike_purchase_order,0.1919,0.3553,0.0000,0.3551,0.5045,0.0000,B,false,purchase_order,B,true,purchase_order
lookalike_purchase_order_026,0,lookalike_purchase_order,0.3124,0.4054,0.0001,0.7154,0.5449,0.0000,B,false,purchase_order,A,true,purchase_order
lookalike_purchase_order_028,0,lookalike_purchase_order,0.1562,0.3963,0.0000,0.3342,0.4775,0.0000,B,false,purchase_order,B,false,purchase_order
lookalike_purchase_order_030,0,lookalike_purchase_order,0.6488,0.6514,0.0000,0.7435,0.7626,0.0000,A,true,purchase_order,A,true,purchase_order
lookalike_purchase_order_041,0,lookalike_purchase_order,0.3117,0.4197,0.0002,0.5913,0.5963,0.0004,B,false,purchase_order,A,true,purchase_order
lookalike_purchase_order_055,0,lookalike_purchase_order,0.3775,0.4728,0.0001,0.7806,0.5582,0.0000,B,false,purchase_order,A,true,purchase_order
lookalike_purchase_order_058,0,lookalike_purchase_order,0.1996,0.4208,0.0000,0.3570,0.5901,0.0000,B,false,purchase_order,B,true,purchase_order
lookalike_purchase_order_059,0,lookalike_purchase_order,0.6584,0.7146,0.0001,0.6255,0.4400,0.0009,A,true,purchase_order,A,false,purchase_order
lookalike_purchase_order_063,0,lookalike_purchase_order,0.2319,0.2564,0.0001,0.6904,0.3906,0.0005,B,false,purchase_order,A,false,purchase_order
lookalike_purchase_order_074,0,lookalike_purchase_order,0.3465,0.5248,0.0001,0.8458,0.8183,0.0000,B,true,purchase_order,A,true,purchase_order
lookalike_purchase_order_088,0,lookalike_purchase_order,0.4429,0.5223,0.0000,0.7513,0.7699,0.0000,B,true,purchase_order,A,true,purchase_order
lookalike_purchase_order_097,0,lookalike_purchase_order,0.3887,0.5095,0.0000,0.6966,0.5927,0.0000,B,true,purchase_order,A,true,purchase_order
lookalike_purchase_order_099,0,lookalike_purchase_order,0.5098,0.4728,0.0000,0.7285,0.7310,0.0001,A,false,purchase_order,A,true,purchase_order
lookalike_purchase_order_110,0,lookalike_purchase_order,0.2063,0.4242,0.0000,0.4851,0.6425,0.0000,B,false,purchase_order,B,true,purchase_order
lookalike_purchase_order_122,0,lookalike_purchase_order,0.4345,0.5154,0.0000,0.7876,0.8473,0.0000,B,true,purchase_order,A,true,purchase_order
lookalike_purchase_order_126,0,lookalike_purchase_order,0.6966,0.6968,0.0001,0.8366,0.7477,0.0000,A,true,purchase_order,A,true,purchase_order
lookalike_purchase_order_144,0,lookalike_purchase_order,0.7403,0.7414,0.0001,0.7814,0.6745,0.0015,A,true,purchase_order,A,true,purchase_order
lookalike_purchase_order_149,0,lookalike_purchase_order,0.1580,0.3204,0.0000,0.6766,0.5857,0.0000,B,false,purchase_order,A,true,purchase_order
lookalike_purchase_order_168,0,lookalike_purchase_order,0.1881,0.3677,0.0000,0.2774,0.4806,0.0000,B,false,purchase_order,B,false,purchase_order
lookalike_purchase_order_176,0,lookalike_purchase_order,0.3290,0.4225,0.0001,0.8305,0.8208,0.0000,B,false,purchase_order,A,true,purchase_order
lookalike_purchase_order_179,0,lookalike_purchase_order,0.3046,0.4416,0.0000,0.6542,0.5594,0.0000,B,false,purchase_order,A,true,purchase_order
lookalike_purchase_order_202,0,lookalike_purchase_order,0.2437,0.4853,0.0000,0.5103,0.5990,0.0000,B,false,purchase_order,A,true,purchase_order
lookalike_quotation_033,0,lookalike_quotation,0.2761,0.2245,0.0000,0.5409,0.2325,0.0000,B,false,quotation,A,false,quotation
lookalike_quotation_034,0,lookalike_quotation,0.2178,0.1187,0.0000,0.2326,0.1619,0.0000,B,false,quotation,B,false,quotation
lookalike_quotation_036,0,lookalike_quotation,0.2511,0.2972,0.0001,0.2007,0.1540,0.0000,B,false,quotation,B,false,quotation
lookalike_quotation_047,0,lookalike_quotation,0.3038,0.1792,0.0000,0.5121,0.1501,0.0000,B,false,quotation,A,false,quotation
lookalike_quotation_053,0,lookalike_quotation,0.2295,0.1698,0.0000,0.3527,0.1641,0.0000,B,false,quotation,B,false,quotation
lookalike_quotation_061,0,lookalike_quotation,0.2068,0.1699,0.0000,0.2159,0.1342,0.0000,B,false,quotation,B,false,quotation
lookalike_quotation_064,0,lookalike_quotation,0.2038,0.1588,0.0000,0.2260,0.1096,0.0000,B,false,quotation,B,false,quotation
lookalike_quotation_065,0,lookalike_quotation,0.2012,0.1440,0.0000,0.2240,0.1841,0.0000,B,false,quotation,B,false,quotation
lookalike_quotation_066,0,lookalike_quotation,0.4010,0.3050,0.0000,0.2899,0.1731,0.0000,B,false,quotation,B,false,quotation
lookalike_quotation_075,0,lookalike_quotation,0.2345,0.1718,0.0000,0.4170,0.1644,0.0000,B,false,quotation,B,false,quotation
lookalike_quotation_076,0,lookalike_quotation,0.2905,0.3037,0.0000,0.4324,0.2275,0.0000,B,false,quotation,B,false,quotation
lookalike_quotation_077,0,lookalike_quotation,0.1928,0.2228,0.0001,0.2529,0.1874,0.0000,B,false,quotation,B,false,quotation
lookalike_quotation_079,0,lookalike_quotation,0.3038,0.1792,0.0000,0.3283,0.1937,0.0000,B,false,quotation,B,false,quotation
lookalike_quotation_086,0,lookalike_quotation,0.2395,0.2246,0.0001,0.3723,0.1844,0.0000,B,false,quotation,B,false,quotation
lookalike_quotation_091,0,lookalike_quotation,0.2012,0.1440,0.0000,0.1925,0.1163,0.0000,B,false,quotation,B,false,quotation
lookalike_quotation_106,0,lookalike_quotation,0.2410,0.1899,0.0003,0.3009,0.1225,0.0000,B,false,quotation,B,false,quotation
lookalike_quotation_117,0,lookalike_quotation,0.2228,0.1301,0.0000,0.2338,0.1306,0.0000,B,false,quotation,B,false,quotation
lookalike_quotation_124,0,lookalike_quotation,0.3121,0.2767,0.0000,0.4760,0.2983,0.0000,B,false,quotation,B,false,quotation
lookalike_quotation_127,0,lookalike_quotation,0.2332,0.1670,0.0000,0.2206,0.1782,0.0000,B,false,quotation,B,false,quotation
lookalike_quotation_132,0,lookalike_quotation,0.4155,0.2755,0.0000,0.4505,0.3402,0.0000,B,false,quotation,B,false,quotation
lookalike_quotation_154,0,lookalike_quotation,0.2693,0.3469,0.0001,0.2439,0.2153,0.0000,B,false,quotation,B,false,quotation
lookalike_quotation_163,0,lookalike_quotation,0.3738,0.2967,0.0000,0.6654,0.2901,0.0000,B,false,quotation,A,false,quotation
lookalike_quotation_167,0,lookalike_quotation,0.1958,0.2188,0.0000,0.3185,0.1789,0.0000,B,false,quotation,B,false,quotation
lookalike_quotation_170,0,lookalike_quotation,0.2128,0.1402,0.0000,0.2741,0.1365,0.0000,B,false,quotation,B,false,quotation
lookalike_quotation_172,0,lookalike_quotation,0.2062,0.1998,0.0000,0.2072,0.0977,0.0000,B,false,quotation,B,false,quotation
lookalike_quotation_180,0,lookalike_quotation,0.2375,0.1716,0.0000,0.2133,0.1312,0.0000,B,false,quotation,B,false,quotation
lookalike_quotation_209,0,lookalike_quotation,0.1873,0.1911,0.0000,0.1638,0.1321,0.0000,B,false,quotation,B,false,quotation
lookalike_quotation_210,0,lookalike_quotation,0.2703,0.2557,0.0001,0.1905,0.1714,0.0000,B,false,quotation,B,false,quotation
lookalike_quotation_211,0,lookalike_quotation,0.2703,0.2557,0.0001,0.4268,0.2244,0.0000,B,false,quotation,B,false,quotation
lookalike_remittance_016,0,lookalike_remittance,0.6430,0.3609,0.0330,0.7962,0.1888,0.0154,A,false,receipt,A,false,receipt
lookalike_remittance_019,0,lookalike_remittance,0.6635,0.2904,0.0380,0.5393,0.2107,0.0184,A,false,receipt,A,false,receipt
lookalike_remittance_020,0,lookalike_remittance,0.5017,0.2208,0.0418,0.5461,0.1842,0.0219,A,false,receipt,A,false,receipt
lookalike_remittance_024,0,lookalike_remittance,0.7133,0.3349,0.0457,0.8038,0.5898,0.0450,A,false,receipt,A,true,receipt
lookalike_remittance_025,0,lookalike_remittance,0.6253,0.3130,0.0390,0.5754,0.1476,0.0205,A,false,receipt,A,false,receipt
lookalike_remittance_037,0,lookalike_remittance,0.6491,0.3229,0.0280,0.8845,0.5297,0.0393,A,false,receipt,A,true,receipt
lookalike_remittance_038,0,lookalike_remittance,0.5270,0.2801,0.0299,0.6836,0.2872,0.0322,A,false,receipt,A,false,receipt
lookalike_remittance_067,0,lookalike_remittance,0.4972,0.2013,0.0411,0.9092,0.6761,0.2929,B,false,receipt,A,true,receipt
lookalike_remittance_078,0,lookalike_remittance,0.6551,0.3862,0.0355,0.4842,0.2085,0.0197,A,false,receipt,B,false,receipt
lookalike_remittance_087,0,lookalike_remittance,0.4338,0.2332,0.0377,0.6333,0.3925,0.0371,B,false,receipt,A,false,receipt
lookalike_remittance_092,0,lookalike_remittance,0.3449,0.1551,0.0408,0.7187,0.3390,0.0487,B,false,receipt,A,false,receipt
lookalike_remittance_118,0,lookalike_remittance,0.3612,0.2437,0.0338,0.7883,0.4623,0.0256,B,false,receipt,A,false,receipt
lookalike_remittance_128,0,lookalike_remittance,0.4402,0.2889,0.0328,0.8170,0.3149,0.4689,B,false,receipt,A,false,invoice
lookalike_remittance_183,0,lookalike_remittance,0.3684,0.1970,0.0367,0.7724,0.3674,0.4856,B,false,receipt,A,false,invoice
lookalike_remittance_185,0,lookalike_remittance,0.4226,0.2066,0.0374,0.3625,0.1315,0.0126,B,false,receipt,B,false,receipt
lookalike_remittance_195,0,lookalike_remittance,0.6723,0.3445,0.0293,0.9253,0.7971,0.7119,A,false,receipt,A,true,invoice
lookalike_remittance_205,0,lookalike_remittance,0.3790,0.1868,0.0447,0.5731,0.1844,0.0339,B,false,receipt,A,false,receipt
lookalike_remittance_206,0,lookalike_remittance,0.4494,0.1949,0.0299,0.6679,0.2279,0.0299,B,false,receipt,A,false,receipt
lookalike_remittance_207,0,lookalike_remittance,0.7226,0.2692,0.0385,0.7873,0.3247,0.0459,A,false,receipt,A,false,receipt
lookalike_timesheet_002,0,lookalike_timesheet,0.0672,0.0032,0.0078,0.1411,0.0732,0.0322,B,false,other,B,false,other
lookalike_timesheet_003,0,lookalike_timesheet,0.3162,0.2921,0.0235,0.2003,0.4487,0.0197,B,false,other,B,false,other
lookalike_timesheet_008,0,lookalike_timesheet,0.0900,0.0291,0.0107,0.1247,0.0577,0.0294,B,false,other,B,false,other
lookalike_timesheet_023,0,lookalike_timesheet,0.0799,0.0077,0.0083,0.1150,0.0392,0.0149,B,false,other,B,false,other
lookalike_timesheet_048,0,lookalike_timesheet,0.0706,0.0007,0.0084,0.1409,0.0924,0.0177,B,false,other,B,false,other
lookalike_timesheet_049,0,lookalike_timesheet,0.1937,0.3223,0.0264,0.2137,0.1685,0.0262,B,false,other,B,false,other
lookalike_timesheet_051,0,lookalike_timesheet,0.2546,0.3820,0.0266,0.2380,0.2225,0.0231,B,false,other,B,false,other
lookalike_timesheet_069,0,lookalike_timesheet,0.0951,0.0286,0.0104,0.1416,0.0373,0.0244,B,false,other,B,false,other
lookalike_timesheet_083,0,lookalike_timesheet,0.2008,0.1415,0.0112,0.2678,0.1398,0.0211,B,false,other,B,false,other
lookalike_timesheet_085,0,lookalike_timesheet,0.2516,0.7178,0.0717,0.4282,0.3334,0.0414,B,true,other,B,false,other
lookalike_timesheet_093,0,lookalike_timesheet,0.2522,0.0944,0.0147,0.2117,0.1340,0.0192,B,false,other,B,false,other
lookalike_timesheet_096,0,lookalike_timesheet,0.2386,0.0863,0.0189,0.2755,0.1660,0.0138,B,false,other,B,false,other
lookalike_timesheet_101,0,lookalike_timesheet,0.3450,0.1395,0.0180,0.3585,0.2388,0.0277,B,false,other,B,false,other
lookalike_timesheet_112,0,lookalike_timesheet,0.2275,0.5053,0.0314,0.3359,0.2613,0.0393,B,true,other,B,false,other
lookalike_timesheet_114,0,lookalike_timesheet,0.0837,0.0118,0.0081,0.1353,0.0658,0.0289,B,false,other,B,false,other
lookalike_timesheet_123,0,lookalike_timesheet,0.3256,0.6075,0.0520,0.4987,0.6906,0.0377,B,true,other,B,true,other
lookalike_timesheet_136,0,lookalike_timesheet,0.1518,0.1241,0.0181,0.2624,0.1839,0.0216,B,false,other,B,false,other
lookalike_timesheet_142,0,lookalike_timesheet,0.1752,0.1666,0.0201,0.1933,0.2143,0.0323,B,false,other,B,false,other
lookalike_timesheet_156,0,lookalike_timesheet,0.0858,0.0203,0.0096,0.1247,0.0386,0.0292,B,false,other,B,false,other
lookalike_timesheet_165,0,lookalike_timesheet,0.2596,0.1722,0.0337,0.1699,0.0724,0.0215,B,false,other,B,false,other
lookalike_timesheet_171,0,lookalike_timesheet,0.0827,0.0038,0.0074,0.1408,0.0389,0.0237,B,false,other,B,false,other
lookalike_timesheet_174,0,lookalike_timesheet,0.3704,0.5171,0.0314,0.3635,0.2761,0.0331,B,true,other,B,false,other
lookalike_timesheet_182,0,lookalike_timesheet,0.2725,0.2909,0.0277,0.3445,0.2988,0.0342,B,false,other,B,false,other
lookalike_timesheet_190,0,lookalike_timesheet,0.2489,0.0823,0.0175,0.2954,0.1612,0.0214,B,false,other,B,false,other
lookalike_timesheet_192,0,lookalike_timesheet,0.0755,0.0006,0.0075,0.1545,0.0941,0.0233,B,false,other,B,false,other
lookalike_timesheet_196,0,lookalike_timesheet,0.0660,0.0019,0.0071,0.1357,0.0266,0.0233,B,false,other,B,false,other
receipt_001,0,receipt,0.1479,0.2295,0.0005,0.1899,0.2362,0.0000,B,false,receipt,B,false,receipt
receipt_002,0,receipt,0.1850,0.2112,0.0000,0.4287,0.3296,0.0000,B,false,receipt,B,false,receipt
receipt_003,0,receipt,0.1241,0.2443,0.0001,0.2280,0.2176,0.0000,B,false,receipt,B,false,receipt
receipt_004,0,receipt,0.1459,0.2800,0.0000,0.2064,0.4395,0.0000,B,false,receipt,B,false,receipt
receipt_005,0,receipt,0.1515,0.2299,0.0005,0.2023,0.1956,0.0000,B,false,receipt,B,false,receipt
receipt_006,0,receipt,0.1325,0.1911,0.0006,0.2968,0.2460,0.0000,B,false,receipt,B,false,receipt
receipt_007,0,receipt,0.1963,0.2462,0.0000,0.3218,0.3300,0.0000,B,false,receipt,B,false,receipt
receipt_008,0,receipt,0.1587,0.2436,0.0001,0.2714,0.1989,0.0000,B,false,receipt,B,false,receipt
receipt_009,0,receipt,0.1568,0.2183,0.0004,0.1767,0.2278,0.0000,B,false,receipt,B,false,receipt
receipt_010,0,receipt,0.1848,0.2706,0.0000,0.1957,0.2261,0.0000,B,false,receipt,B,false,receipt
receipt_011,0,receipt,0.1619,0.1965,0.0001,0.2610,0.1679,0.0001,B,false,receipt,B,false,receipt
receipt_012,0,receipt,0.5268,0.6738,0.0000,0.3599,0.3231,0.0000,A,true,receipt,B,false,receipt
receipt_013,0,receipt,0.1427,0.2342,0.0005,0.1134,0.1784,0.0000,B,false,receipt,B,false,receipt
receipt_014,0,receipt,0.2207,0.3046,0.0000,0.3068,0.4052,0.0000,B,false,receipt,B,false,receipt
receipt_015,0,receipt,0.1739,0.2920,0.0000,0.2952,0.4791,0.0000,B,false,receipt,B,false,receipt
receipt_016,0,receipt,0.1872,0.2271,0.0000,0.5196,0.2795,0.0000,B,false,receipt,A,false,receipt
receipt_017,0,receipt,0.2126,0.7154,0.0000,0.3711,0.2763,0.0001,B,true,receipt,B,false,receipt
receipt_018,0,receipt,0.2156,0.6689,0.0000,0.2713,0.3922,0.0000,B,true,receipt,B,false,receipt
receipt_019,0,receipt,0.1870,0.6772,0.0001,0.2212,0.4312,0.0000,B,true,receipt,B,false,receipt
receipt_020,0,receipt,0.1219,0.2357,0.0001,0.1344,0.2014,0.0000,B,false,receipt,B,false,receipt
receipt_021,0,receipt,0.1809,0.2110,0.0001,0.2286,0.3860,0.0001,B,false,receipt,B,false,receipt
receipt_022,0,receipt,0.4035,0.6165,0.0000,0.3094,0.3752,0.0000,B,true,receipt,B,false,receipt
receipt_023,0,receipt,0.1848,0.1451,0.0000,0.3594,0.4188,0.0000,B,false,receipt,B,false,receipt
receipt_024,0,receipt,0.1208,0.2349,0.0001,0.0551,0.0358,0.0000,B,false,receipt,B,false,receipt
receipt_025,0,receipt,0.1863,0.1288,0.0000,0.1934,0.1634,0.0000,B,false,receipt,B,false,receipt
receipt_026,0,receipt,0.1796,0.2397,0.0002,0.1806,0.1466,0.0000,B,false,receipt,B,false,receipt
receipt_027,0,receipt,0.2353,0.6938,0.0000,0.3749,0.3058,0.0001,B,true,receipt,B,false,receipt
receipt_028,0,receipt,0.1861,0.2857,0.0001,0.4711,0.4356,0.0000,B,false,receipt,B,false,receipt
receipt_029,0,receipt,0.1944,0.1795,0.0000,0.3958,0.5386,0.0000,B,false,receipt,B,true,receipt
receipt_030,0,receipt,0.1995,0.1479,0.0000,0.1742,0.1811,0.0000,B,false,receipt,B,false,receipt
receipt_031,0,receipt,0.3060,0.5288,0.0000,0.2795,0.2803,0.0000,B,true,receipt,B,false,receipt
receipt_032,0,receipt,0.5556,0.7159,0.0001,0.5466,0.7223,0.0000,A,true,receipt,A,true,receipt
receipt_033,0,receipt,0.1677,0.5995,0.0001,0.1511,0.1149,0.0000,B,true,receipt,B,false,receipt
receipt_034,0,receipt,0.2167,0.5119,0.0000,0.1445,0.4051,0.0001,B,true,receipt,B,false,receipt
receipt_035,0,receipt,0.1880,0.2265,0.0000,0.2938,0.2762,0.0000,B,false,receipt,B,false,receipt
receipt_036,0,receipt,0.2005,0.1631,0.0001,0.2041,0.2811,0.0000,B,false,receipt,B,false,receipt
receipt_037,0,receipt,0.1887,0.3062,0.0001,0.4010,0.4839,0.0000,B,false,receipt,B,false,receipt
receipt_038,0,receipt,0.2143,0.2612,0.0000,0.3461,0.3572,0.0000,B,false,receipt,B,false,receipt
receipt_039,0,receipt,0.1449,0.1982,0.0005,0.0873,0.0872,0.0000,B,false,receipt,B,false,receipt
receipt_040,0,receipt,0.1952,0.3141,0.0000,0.2671,0.5523,0.0000,B,false,receipt,B,true,receipt
receipt_041,0,receipt,0.3521,0.4078,0.0001,0.2226,0.3131,0.0001,B,false,receipt,B,false,receipt
receipt_042,0,receipt,0.3716,0.3305,0.0001,0.2559,0.1777,0.0002,B,false,receipt,B,false,receipt
receipt_043,0,receipt,0.1911,0.2130,0.0001,0.1787,0.1613,0.0002,B,false,receipt,B,false,receipt
receipt_044,0,receipt,0.1652,0.5166,0.0000,0.2430,0.2916,0.0000,B,true,receipt,B,false,receipt
receipt_045,0,receipt,0.3028,0.2940,0.0001,0.2412,0.2158,0.0001,B,false,receipt,B,false,receipt
receipt_046,0,receipt,0.1995,0.1479,0.0000,0.1749,0.1553,0.0000,B,false,receipt,B,false,receipt
receipt_047,0,receipt,0.1750,0.2537,0.0000,0.4067,0.5675,0.0000,B,false,receipt,B,true,receipt
receipt_048,0,receipt,0.2022,0.2023,0.0000,0.3434,0.2427,0.0000,B,false,receipt,B,false,receipt
receipt_049,0,receipt,0.1391,0.2712,0.0001,0.0668,0.0828,0.0001,B,false,receipt,B,false,receipt
receipt_050,0,receipt,0.2072,0.2027,0.0000,0.3155,0.1478,0.0000,B,false,receipt,B,false,receipt
receipt_051,0,receipt,0.1727,0.2045,0.0003,0.1548,0.1483,0.0003,B,false,receipt,B,false,receipt
receipt_052,0,receipt,0.2260,0.3797,0.0000,0.4076,0.3729,0.0000,B,false,receipt,B,false,receipt
receipt_053,0,receipt,0.2814,0.3779,0.0000,0.5257,0.6325,0.0000,B,false,receipt,A,true,receipt
receipt_054,0,receipt,0.1865,0.3056,0.0000,0.2547,0.3556,0.0000,B,false,receipt,B,false,receipt
receipt_055,0,receipt,0.1635,0.2072,0.0001,0.1804,0.1834,0.0002,B,false,receipt,B,false,receipt
receipt_056,0,receipt,0.1744,0.6757,0.0001,0.1868,0.2044,0.0000,B,true,receipt,B,false,receipt
receipt_057,0,receipt,0.2194,0.2951,0.0000,0.2690,0.2641,0.0000,B,false,receipt,B,false,receipt
receipt_058,0,receipt,0.1832,0.2506,0.0000,0.4212,0.3766,0.0000,B,false,receipt,B,false,receipt
receipt_059,0,receipt,0.1753,0.2837,0.0001,0.2361,0.1578,0.0000,B,false,receipt,B,false,receipt
receipt_060,0,receipt,0.2216,0.2731,0.0000,0.3388,0.3221,0.0000,B,false,receipt,B,false,receipt
receipt_061,0,receipt,0.1836,0.1632,0.0000,0.1669,0.1645,0.0000,B,false,receipt,B,false,receipt
receipt_062,0,receipt,0.1243,0.2269,0.0001,0.1854,0.1735,0.0000,B,false,receipt,B,false,receipt
receipt_063,0,receipt,0.3523,0.3567,0.0001,0.5055,0.2572,0.0000,B,false,receipt,A,false,receipt
receipt_064,0,receipt,0.1136,0.2010,0.0001,0.1703,0.1567,0.0000,B,false,receipt,B,false,receipt
receipt_065,0,receipt,0.1790,0.2487,0.0000,0.2359,0.1758,0.0000,B,false,receipt,B,false,receipt
receipt_066,0,receipt,0.4230,0.6526,0.0000,0.4928,0.5699,0.0000,B,true,receipt,B,true,receipt
receipt_067,0,receipt,0.2162,0.1869,0.0000,0.2073,0.1934,0.0000,B,false,receipt,B,false,receipt
receipt_068,0,receipt,0.1321,0.2315,0.0001,0.0803,0.1517,0.0001,B,false,receipt,B,false,receipt
receipt_069,0,receipt,0.2409,0.4868,0.0002,0.4331,0.2317,0.0000,B,false,receipt,B,false,receipt
receipt_070,0,receipt,0.2204,0.2829,0.0000,0.2941,0.3470,0.0001,B,false,receipt,B,false,receipt
receipt_071,0,receipt,0.1737,0.6378,0.0001,0.1960,0.3786,0.0000,B,true,receipt,B,false,receipt
receipt_072,0,receipt,0.5275,0.5585,0.0000,0.4872,0.4566,0.0000,A,true,receipt,B,false,receipt
receipt_073,0,receipt,0.2069,0.2095,0.0000,0.4164,0.4259,0.0000,B,false,receipt,B,false,receipt
receipt_074,0,receipt,0.1269,0.2342,0.0001,0.1274,0.1342,0.0000,B,false,receipt,B,false,receipt
receipt_075,0,receipt,0.4194,0.6938,0.0000,0.5810,0.6440,0.0000,B,true,receipt,A,true,receipt
receipt_076,0,receipt,0.3756,0.4178,0.0001,0.3377,0.1990,0.0001,B,false,receipt,B,false,receipt
receipt_077,0,receipt,0.2480,0.2939,0.0001,0.2709,0.2116,0.0001,B,false,receipt,B,false,receipt
receipt_078,0,receipt,0.2539,0.7238,0.0000,0.3485,0.3862,0.0000,B,true,receipt,B,false,receipt
receipt_079,0,receipt,0.5997,0.7751,0.0000,0.6189,0.6627,0.0000,A,true,receipt,A,true,receipt
receipt_080,0,receipt,0.1592,0.2270,0.0001,0.3783,0.3806,0.0000,B,false,receipt,B,false,receipt
receipt_081,0,receipt,0.2193,0.1908,0.0000,0.4693,0.4613,0.0000,B,false,receipt,B,false,receipt
receipt_082,0,receipt,0.2001,0.2836,0.0000,0.2716,0.1968,0.0000,B,false,receipt,B,false,receipt
receipt_083,0,receipt,0.1480,0.1964,0.0004,0.0992,0.1008,0.0000,B,false,receipt,B,false,receipt
receipt_084,0,receipt,0.7366,0.7677,0.0001,0.7461,0.7189,0.0000,A,true,receipt,A,true,receipt
receipt_085,0,receipt,0.3925,0.5135,0.0001,0.6013,0.2405,0.0001,B,true,receipt,A,false,receipt
receipt_086,0,receipt,0.1348,0.1967,0.0005,0.1630,0.1568,0.0000,B,false,receipt,B,false,receipt
receipt_087,0,receipt,0.1218,0.2185,0.0001,0.0913,0.1068,0.0001,B,false,receipt,B,false,receipt
receipt_088,0,receipt,0.1092,0.1979,0.0002,0.1304,0.1437,0.0000,B,false,receipt,B,false,receipt
receipt_089,0,receipt,0.3364,0.2960,0.0001,0.2845,0.2295,0.0001,B,false,receipt,B,false,receipt
receipt_090,0,receipt,0.5467,0.7498,0.0001,0.6014,0.5806,0.0000,A,true,receipt,A,true,receipt
receipt_091,0,receipt,0.1429,0.2256,0.0004,0.0705,0.1009,0.0000,B,false,receipt,B,false,receipt
receipt_092,0,receipt,0.5029,0.5854,0.0001,0.6893,0.4596,0.0000,A,true,receipt,A,false,receipt
receipt_093,0,receipt,0.2752,0.5090,0.0000,0.4547,0.6221,0.0000,B,true,receipt,B,true,receipt
receipt_094,0,receipt,0.1995,0.1479,0.0000,0.1701,0.1605,0.0000,B,false,receipt,B,false,receipt
receipt_095,0,receipt,0.1613,0.2229,0.0000,0.2185,0.4212,0.0000,B,false,receipt,B,false,receipt
receipt_096,0,receipt,0.1643,0.1972,0.0001,0.1434,0.1318,0.0003,B,false,receipt,B,false,receipt
receipt_097,0,receipt,0.2050,0.4608,0.0001,0.3571,0.3214,0.0001,B,false,receipt,B,false,receipt
receipt_098,0,receipt,0.1917,0.2631,0.0001,0.1563,0.1706,0.0000,B,false,receipt,B,false,receipt
receipt_099,0,receipt,0.1863,0.1288,0.0000,0.2471,0.1773,0.0000,B,false,receipt,B,false,receipt
receipt_100,0,receipt,0.2299,0.6636,0.0000,0.1717,0.4781,0.0000,B,true,receipt,B,false,receipt
receipt_101,0,receipt,0.1766,0.1410,0.0001,0.2385,0.2453,0.0000,B,false,receipt,B,false,receipt
receipt_102,0,receipt,0.3364,0.2960,0.0001,0.1929,0.2782,0.0001,B,false,receipt,B,false,receipt
receipt_103,0,receipt,0.2505,0.3290,0.0000,0.2935,0.3172,0.0000,B,false,receipt,B,false,receipt
receipt_104,0,receipt,0.1318,0.2317,0.0001,0.1397,0.1074,0.0000,B,false,receipt,B,false,receipt
receipt_105,0,receipt,0.3716,0.3305,0.0001,0.4468,0.3305,0.0001,B,false,receipt,B,false,receipt
receipt_106,0,receipt,0.1758,0.2833,0.0000,0.2880,0.3459,0.0000,B,false,receipt,B,false,receipt
receipt_107,0,receipt,0.1872,0.2271,0.0000,0.3400,0.2126,0.0000,B,false,receipt,B,false,receipt
receipt_108,0,receipt,0.2543,0.2984,0.0000,0.3369,0.3227,0.0000,B,false,receipt,B,false,receipt
receipt_109,0,receipt,0.1324,0.1864,0.0002,0.0977,0.0781,0.0000,B,false,receipt,B,false,receipt
receipt_110,0,receipt,0.1248,0.2081,0.0002,0.1513,0.1302,0.0000,B,false,receipt,B,false,receipt
receipt_111,0,receipt,0.2160,0.3048,0.0001,0.6413,0.4324,0.0001,B,false,receipt,A,false,receipt
receipt_112,0,receipt,0.1392,0.2085,0.0005,0.1800,0.2134,0.0000,B,false,receipt,B,false,receipt
receipt_113,0,receipt,0.2065,0.2749,0.0000,0.3705,0.4452,0.0000,B,false,receipt,B,false,receipt
receipt_114,0,receipt,0.1775,0.1451,0.0000,0.3632,0.1373,0.0000,B,false,receipt,B,false,receipt
receipt_115,0,receipt,0.1553,0.6846,0.0001,0.3451,0.1813,0.0000,B,true,receipt,B,false,receipt
receipt_116,0,receipt,0.1863,0.1288,0.0000,0.4503,0.2502,0.0000,B,false,receipt,B,false,receipt
receipt_117,0,receipt,0.2173,0.1717,0.0001,0.3268,0.3906,0.0000,B,false,receipt,B,false,receipt
receipt_118,0,receipt,0.1503,0.5597,0.0001,0.1852,0.3541,0.0000,B,true,receipt,B,false,receipt
receipt_119,0,receipt,0.5994,0.7006,0.0001,0.5343,0.4221,0.0001,A,true,receipt,A,false,receipt
receipt_120,0,receipt,0.4521,0.7117,0.0000,0.5640,0.3450,0.0001,B,true,receipt,A,false,receipt
receipt_121,0,receipt,0.1680,0.2386,0.0001,0.1744,0.0998,0.0003,B,false,receipt,B,false,receipt
receipt_122,0,receipt,0.2060,0.1708,0.0001,0.3603,0.5225,0.0000,B,false,receipt,B,true,receipt
receipt_123,0,receipt,0.5682,0.6103,0.0000,0.4574,0.3340,0.0000,A,true,receipt,B,false,receipt
receipt_124,0,receipt,0.3808,0.4847,0.0001,0.3486,0.4273,0.0002,B,false,receipt,B,false,receipt
receipt_125,0,receipt,0.1925,0.2614,0.0000,0.3494,0.3985,0.0000,B,false,receipt,B,false,receipt
receipt_126,0,receipt,0.1805,0.2764,0.0000,0.2499,0.4034,0.0001,B,false,receipt,B,false,receipt
receipt_127,0,receipt,0.5457,0.6468,0.0000,0.5098,0.4440,0.0000,A,true,receipt,A,false,receipt
receipt_128,0,receipt,0.1746,0.2052,0.0000,0.2778,0.2807,0.0000,B,false,receipt,B,false,receipt
receipt_129,0,receipt,0.1344,0.2381,0.0002,0.1548,0.1434,0.0000,B,false,receipt,B,false,receipt
receipt_130,0,receipt,0.5991,0.7945,0.0001,0.4774,0.3110,0.0001,A,true,receipt,B,false,receipt
receipt_131,0,receipt,0.1567,0.1408,0.0001,0.1888,0.1485,0.0000,B,false,receipt,B,false,receipt
receipt_132,0,receipt,0.1914,0.2575,0.0000,0.1952,0.3498,0.0000,B,false,receipt,B,false,receipt
receipt_133,0,receipt,0.2075,0.3198,0.0000,0.3588,0.1963,0.0000,B,false,receipt,B,false,receipt
receipt_134,0,receipt,0.6442,0.7402,0.0001,0.5614,0.6771,0.0000,A,true,receipt,A,true,receipt
receipt_135,0,receipt,0.1890,0.2256,0.0001,0.2038,0.1755,0.0000,B,false,receipt,B,false,receipt
receipt_136,0,receipt,0.1712,0.1773,0.0001,0.1689,0.1986,0.0000,B,false,receipt,B,false,receipt
receipt_137,0,receipt,0.1728,0.2542,0.0001,0.2910,0.2128,0.0001,B,false,receipt,B,false,receipt
receipt_138,0,receipt,0.1986,0.1571,0.0000,0.3575,0.4686,0.0000,B,false,receipt,B,false,receipt
receipt_139,0,receipt,0.2192,0.3047,0.0000,0.3167,0.3591,0.0000,B,false,receipt,B,false,receipt
receipt_140,0,receipt,0.5616,0.6713,0.0001,0.2521,0.2896,0.0001,A,true,receipt,B,false,receipt
receipt_141,0,receipt,0.1488,0.1970,0.0004,0.3552,0.3733,0.0000,B,false,receipt,B,false,receipt
receipt_142,0,receipt,0.1503,0.6925,0.0001,0.2859,0.3763,0.0001,B,true,receipt,B,false,receipt
receipt_143,0,receipt,0.1687,0.2665,0.0001,0.3477,0.2908,0.0001,B,false,receipt,B,false,receipt
receipt_144,0,receipt,0.1587,0.1737,0.0000,0.5587,0.1832,0.0000,B,false,receipt,A,false,receipt
receipt_145,0,receipt,0.1603,0.2040,0.0000,0.2876,0.3309,0.0000,B,false,receipt,B,false,receipt
receipt_146,0,receipt,0.1502,0.1907,0.0006,0.2591,0.2247,0.0000,B,false,receipt,B,false,receipt
receipt_147,0,receipt,0.3915,0.5065,0.0001,0.6281,0.3435,0.0002,B,true,receipt,A,false,receipt
receipt_148,0,receipt,0.2571,0.4889,0.0000,0.3217,0.3320,0.0000,B,false,receipt,B,false,receipt
receipt_149,0,receipt,0.2161,0.2018,0.0000,0.2025,0.2658,0.0000,B,false,receipt,B,false,receipt
receipt_150,0,receipt,0.1939,0.2637,0.0000,0.1349,0.2433,0.0001,B,false,receipt,B,false,receipt
receipt_151,0,receipt,0.4043,0.4348,0.0001,0.2470,0.2936,0.0003,B,false,receipt,B,false,receipt
receipt_152,0,receipt,0.1651,0.2370,0.0000,0.2346,0.2977,0.0000,B,false,receipt,B,false,receipt
receipt_153,0,receipt,0.3164,0.2897,0.0001,0.2618,0.2988,0.0001,B,false,receipt,B,false,receipt
receipt_154,0,receipt,0.1872,0.2271,0.0000,0.2786,0.2833,0.0000,B,false,receipt,B,false,receipt
receipt_155,0,receipt,0.1489,0.2174,0.0004,0.1654,0.1734,0.0000,B,false,receipt,B,false,receipt
receipt_156,0,receipt,0.2007,0.3237,0.0002,0.1742,0.2598,0.0001,B,false,receipt,B,false,receipt
receipt_157,0,receipt,0.2055,0.3086,0.0000,0.3312,0.2352,0.0000,B,false,receipt,B,false,receipt
receipt_158,0,receipt,0.5994,0.7796,0.0001,0.8348,0.5722,0.0001,A,true,receipt,A,true,receipt
receipt_159,0,receipt,0.1769,0.2662,0.0000,0.3922,0.4688,0.0000,B,false,receipt,B,false,receipt
receipt_160,0,receipt,0.1635,0.2331,0.0002,0.1626,0.2009,0.0001,B,false,receipt,B,false,receipt
receipt_161,0,receipt,0.1921,0.2343,0.0002,0.1751,0.3209,0.0000,B,false,receipt,B,false,receipt
receipt_162,0,receipt,0.1855,0.2944,0.0001,0.2120,0.1436,0.0001,B,false,receipt,B,false,receipt
receipt_163,0,receipt,0.6505,0.7505,0.0001,0.6605,0.5077,0.0001,A,true,receipt,A,true,receipt
receipt_164,0,receipt,0.2054,0.2587,0.0000,0.3238,0.2982,0.0000,B,false,receipt,B,false,receipt
receipt_165,0,receipt,0.1265,0.2329,0.0002,0.1007,0.1190,0.0000,B,false,receipt,B,false,receipt
receipt_166,0,receipt,0.1999,0.2284,0.0001,0.2483,0.2050,0.0001,B,false,receipt,B,false,receipt
receipt_167,0,receipt,0.1616,0.2126,0.0003,0.2066,0.2235,0.0000,B,false,receipt,B,false,receipt
receipt_168,0,receipt,0.1872,0.2271,0.0000,0.2628,0.2777,0.0000,B,false,receipt,B,false,receipt
receipt_169,0,receipt,0.3015,0.3600,0.0001,0.2171,0.3350,0.0002,B,false,receipt,B,false,receipt
receipt_170,0,receipt,0.1536,0.2699,0.0000,0.2300,0.4713,0.0000,B,false,receipt,B,false,receipt
receipt_171,0,receipt,0.1154,0.2050,0.0002,0.0612,0.0349,0.0000,B,false,receipt,B,false,receipt
receipt_172,0,receipt,0.2061,0.3033,0.0000,0.2957,0.6106,0.0000,B,false,receipt,B,true,receipt
receipt_173,0,receipt,0.1202,0.2264,0.0001,0.0933,0.0878,0.0000,B,false,receipt,B,false,receipt
receipt_174,0,receipt,0.1852,0.2087,0.0001,0.1729,0.1725,0.0001,B,false,receipt,B,false,receipt
receipt_175,0,receipt,0.1094,0.2120,0.0001,0.1450,0.1573,0.0000,B,false,receipt,B,false,receipt
receipt_176,0,receipt,0.2064,0.2077,0.0000,0.2786,0.2441,0.0000,B,false,receipt,B,false,receipt
receipt_177,0,receipt,0.1477,0.1833,0.0005,0.1725,0.4033,0.0000,B,false,receipt,B,false,receipt
receipt_178,0,receipt,0.1823,0.2189,0.0001,0.2706,0.3149,0.0002,B,false,receipt,B,false,receipt
receipt_179,0,receipt,0.3533,0.3193,0.0001,0.4975,0.2717,0.0004,B,false,receipt,B,false,receipt
receipt_180,0,receipt,0.2181,0.4737,0.0001,0.3375,0.2420,0.0000,B,false,receipt,B,false,receipt
receipt_181,0,receipt,0.2417,0.4037,0.0000,0.3720,0.2426,0.0000,B,false,receipt,B,false,receipt
receipt_182,0,receipt,0.2031,0.3898,0.0000,0.1810,0.3619,0.0000,B,false,receipt,B,false,receipt
receipt_183,0,receipt,0.3406,0.3389,0.0001,0.2714,0.1673,0.0001,B,false,receipt,B,false,receipt
receipt_184,0,receipt,0.2329,0.2361,0.0000,0.2797,0.2115,0.0000,B,false,receipt,B,false,receipt
receipt_185,0,receipt,0.5595,0.6823,0.0000,0.3326,0.3858,0.0000,A,true,receipt,B,false,receipt
receipt_186,0,receipt,0.1504,0.2294,0.0002,0.2017,0.1789,0.0000,B,false,receipt,B,false,receipt
receipt_187,0,receipt,0.1900,0.2692,0.0000,0.2986,0.4423,0.0000,B,false,receipt,B,false,receipt
receipt_188,0,receipt,0.1800,0.2049,0.0001,0.2238,0.4115,0.0001,B,false,receipt,B,false,receipt
receipt_189,0,receipt,0.1688,0.6512,0.0000,0.1452,0.1756,0.0000,B,true,receipt,B,false,receipt
receipt_190,0,receipt,0.1798,0.2948,0.0001,0.3507,0.2598,0.0003,B,false,receipt,B,false,receipt
receipt_191,0,receipt,0.1900,0.2186,0.0002,0.2217,0.1876,0.0000,B,false,receipt,B,false,receipt
receipt_192,0,receipt,0.5430,0.5832,0.0000,0.6293,0.4316,0.0002,A,true,receipt,A,false,receipt
receipt_193,0,receipt,0.3474,0.3095,0.0001,0.2397,0.2225,0.0001,B,false,receipt,B,false,receipt
receipt_194,0,receipt,0.2111,0.1800,0.0001,0.1988,0.2083,0.0001,B,false,receipt,B,false,receipt
receipt_195,0,receipt,0.3569,0.3476,0.0001,0.3729,0.3481,0.0001,B,false,receipt,B,false,receipt
receipt_196,0,receipt,0.3364,0.2960,0.0001,0.2421,0.2678,0.0001,B,false,receipt,B,false,receipt
receipt_197,0,receipt,0.6853,0.7997,0.0001,0.6360,0.3648,0.0001,A,true,receipt,A,false,receipt
receipt_198,0,receipt,0.2146,0.1662,0.0000,0.3598,0.1644,0.0000,B,false,receipt,B,false,receipt
receipt_199,0,receipt,0.1996,0.1942,0.0000,0.2158,0.3998,0.0000,B,false,receipt,B,false,receipt
receipt_200,0,receipt,0.1868,0.2645,0.0000,0.4574,0.3526,0.0000,B,false,receipt,B,false,receipt
receipt_201,0,receipt,0.2161,0.2371,0.0000,0.6553,0.7849,0.0000,B,false,receipt,A,true,receipt
receipt_202,0,receipt,0.1760,0.3387,0.0000,0.2393,0.2962,0.0000,B,false,receipt,B,false,receipt
receipt_203,0,receipt,0.1145,0.2155,0.0001,0.0738,0.0667,0.0000,B,false,receipt,B,false,receipt
receipt_204,0,receipt,0.1359,0.4514,0.0001,0.2103,0.2604,0.0000,B,false,receipt,B,false,receipt
receipt_205,0,receipt,0.1149,0.2188,0.0002,0.0487,0.0283,0.0000,B,false,receipt,B,false,receipt
receipt_206,0,receipt,0.2068,0.2034,0.0000,0.3292,0.1935,0.0000,B,false,receipt,B,false,receipt
receipt_207,0,receipt,0.2008,0.2823,0.0000,0.2460,0.2761,0.0000,B,false,receipt,B,false,receipt
receipt_208,0,receipt,0.1791,0.2555,0.0000,0.4018,0.2511,0.0000,B,false,receipt,B,false,receipt
receipt_209,0,receipt,0.2318,0.2864,0.0001,0.2911,0.2174,0.0000,B,false,receipt,B,false,receipt
receipt_210,0,receipt,0.2196,0.2080,0.0000,0.5020,0.2785,0.0000,B,false,receipt,A,false,receipt
receipt_211,0,receipt,0.2570,0.7185,0.0000,0.2974,0.4134,0.0000,B,true,receipt,B,false,receipt
receipt_212,0,receipt,0.1845,0.2165,0.0001,0.2001,0.1446,0.0000,B,false,receipt,B,false,receipt
receipt_213,0,receipt,0.2200,0.3232,0.0001,0.4262,0.2449,0.0001,B,false,receipt,B,false,receipt
receipt_214,0,receipt,0.1883,0.2766,0.0000,0.3538,0.6259,0.0000,B,false,receipt,B,true,receipt
receipt_215,0,receipt,0.2427,0.2618,0.0000,0.3872,0.4973,0.0000,B,false,receipt,B,false,receipt
receipt_216,0,receipt,0.1885,0.2898,0.0000,0.3138,0.2711,0.0000,B,false,receipt,B,false,receipt
receipt_217,0,receipt,0.1628,0.1498,0.0000,0.3189,0.3327,0.0000,B,false,receipt,B,false,receipt
receipt_218,0,receipt,0.5733,0.7141,0.0000,0.7173,0.3708,0.0001,A,true,receipt,A,false,receipt
receipt_219,0,receipt,0.1895,0.3249,0.0003,0.3671,0.4632,0.0001,B,false,receipt,B,false,receipt
receipt_220,0,receipt,0.1382,0.2153,0.0005,0.2032,0.1970,0.0000,B,false,receipt,B,false,receipt
receipt_221,0,receipt,0.1916,0.2802,0.0000,0.1913,0.2098,0.0000,B,false,receipt,B,false,receipt
receipt_222,0,receipt,0.2002,0.1391,0.0000,0.2945,0.2202,0.0000,B,false,receipt,B,false,receipt
receipt_223,0,receipt,0.1950,0.3073,0.0000,0.4830,0.6285,0.0000,B,false,receipt,B,true,receipt
receipt_224,0,receipt,0.1705,0.2344,0.0000,0.2982,0.3382,0.0000,B,false,receipt,B,false,receipt
receipt_225,0,receipt,0.1412,0.1981,0.0004,0.1577,0.2028,0.0000,B,false,receipt,B,false,receipt
receipt_226,0,receipt,0.2941,0.3239,0.0001,0.4757,0.3112,0.0003,B,false,receipt,B,false,receipt
receipt_227,0,receipt,0.2382,0.2870,0.0000,0.3779,0.4774,0.0000,B,false,receipt,B,false,receipt
receipt_228,0,receipt,0.1943,0.3107,0.0000,0.1760,0.2878,0.0000,B,false,receipt,B,false,receipt
receipt_229,0,receipt,0.1919,0.6576,0.0000,0.2443,0.2948,0.0000,B,true,receipt,B,false,receipt
receipt_230,0,receipt,0.1893,0.2903,0.0001,0.3508,0.3588,0.0000,B,false,receipt,B,false,receipt
receipt_231,0,receipt,0.2377,0.2332,0.0001,0.1806,0.1691,0.0001,B,false,receipt,B,false,receipt
receipt_232,0,receipt,0.1990,0.5920,0.0000,0.1555,0.2897,0.0001,B,true,receipt,B,false,receipt
receipt_233,0,receipt,0.1566,0.1633,0.0000,0.3416,0.3278,0.0000,B,false,receipt,B,false,receipt
receipt_234,0,receipt,0.2320,0.6305,0.0000,0.2046,0.2318,0.0000,B,true,receipt,B,false,receipt
receipt_235,0,receipt,0.1265,0.1817,0.0004,0.0975,0.0554,0.0000,B,false,receipt,B,false,receipt
receipt_236,0,receipt,0.1447,0.2126,0.0004,0.1684,0.2729,0.0000,B,false,receipt,B,false,receipt
receipt_237,0,receipt,0.4268,0.5368,0.0001,0.3658,0.3593,0.0002,B,true,receipt,B,false,receipt
receipt_238,0,receipt,0.1890,0.2463,0.0001,0.1601,0.1517,0.0003,B,false,receipt,B,false,receipt
receipt_239,0,receipt,0.1561,0.2040,0.0005,0.1310,0.0874,0.0000,B,false,receipt,B,false,receipt
receipt_240,0,receipt,0.1769,0.2658,0.0001,0.3452,0.2708,0.0001,B,false,receipt,B,false,receipt
receipt_241,0,receipt,0.1649,0.2672,0.0000,0.2873,0.4888,0.0000,B,false,receipt,B,false,receipt
receipt_242,0,receipt,0.1199,0.2089,0.0002,0.0798,0.0988,0.0000,B,false,receipt,B,false,receipt
receipt_243,0,receipt,0.2786,0.3975,0.0002,0.4423,0.5465,0.0001,B,false,receipt,B,true,receipt
receipt_244,0,receipt,0.1427,0.2068,0.0005,0.2186,0.1857,0.0000,B,false,receipt,B,false,receipt
receipt_245,0,receipt,0.1832,0.3089,0.0000,0.2540,0.3606,0.0000,B,false,receipt,B,false,receipt
receipt_246,0,receipt,0.1955,0.6591,0.0000,0.2582,0.3590,0.0001,B,true,receipt,B,false,receipt
receipt_247,0,receipt,0.2362,0.4530,0.0001,0.1774,0.1750,0.0000,B,false,receipt,B,false,receipt
receipt_248,0,receipt,0.1666,0.1893,0.0002,0.2715,0.1387,0.0001,B,false,receipt,B,false,receipt
receipt_249,0,receipt,0.1597,0.1916,0.0001,0.2384,0.3148,0.0000,B,false,receipt,B,false,receipt
receipt_250,0,receipt,0.1675,0.2421,0.0001,0.2953,0.1324,0.0000,B,false,receipt,B,false,receipt
