id,filename,content_type,label,split,has_text_layer,n_words
invoices/FACTU2015010036.jpg,FACTU2015010036.jpg,image/jpeg,1,train,False,133
invoices/FACTU2015010038.jpg,FACTU2015010038.jpg,image/jpeg,1,train,False,127
invoices/FACTU2015010040.jpg,FACTU2015010040.jpg,image/jpeg,1,train,False,102
invoices/FACTU2015010041.jpg,FACTU2015010041.jpg,image/jpeg,1,train,False,123
invoices/FACTU2015010042.jpg,FACTU2015010042.jpg,image/jpeg,1,train,False,158
invoices/FACTU2015010043.jpg,FACTU2015010043.jpg,image/jpeg,1,train,False,88
invoices/FACTU2015010044.jpg,FACTU2015010044.jpg,image/jpeg,1,train,False,120
invoices/FACTU2015020048.jpg,FACTU2015020048.jpg,image/jpeg,1,train,False,83
invoices/FACTU2015020050.jpg,FACTU2015020050.jpg,image/jpeg,1,test,False,41
invoices/FACTU2015020051.jpg,FACTU2015020051.jpg,image/jpeg,1,train,False,90
invoices/FACTU2015020054.jpg,FACTU2015020054.jpg,image/jpeg,1,train,False,137
invoices/FACTU2015020055.jpg,FACTU2015020055.jpg,image/jpeg,1,test,False,146
invoices/FACTU2015020056.jpg,FACTU2015020056.jpg,image/jpeg,1,train,False,105
invoices/FACTU2015020057.jpg,FACTU2015020057.jpg,image/jpeg,1,train,False,148
invoices/FACTU2015020058.jpg,FACTU2015020058.jpg,image/jpeg,1,train,False,131
invoices/FACTU2015030047.jpg,FACTU2015030047.jpg,image/jpeg,1,test,False,65
invoices/FACTU2015030048.jpg,FACTU2015030048.jpg,image/jpeg,1,train,False,129
invoices/FACTU2015030050.jpg,FACTU2015030050.jpg,image/jpeg,1,train,False,84
invoices/FACTU2015030051.jpg,FACTU2015030051.jpg,image/jpeg,1,test,False,59
invoices/FACTU2015030053.jpg,FACTU2015030053.jpg,image/jpeg,1,train,False,85
invoices/FACTU2015030054.jpg,FACTU2015030054.jpg,image/jpeg,1,train,False,104
invoices/FACTU2015030055.jpg,FACTU2015030055.jpg,image/jpeg,1,train,False,149
invoices/FACTU2015030056.jpg,FACTU2015030056.jpg,image/jpeg,1,train,False,104
invoices/FACTU2015040045.jpg,FACTU2015040045.jpg,image/jpeg,1,train,False,82
invoices/FACTU2015040046.jpg,FACTU2015040046.jpg,image/jpeg,1,test,False,103
invoices/FACTU2015040047.jpg,FACTU2015040047.jpg,image/jpeg,1,train,False,118
invoices/FACTU2015040048.jpg,FACTU2015040048.jpg,image/jpeg,1,train,False,80
invoices/FACTU2015040053.jpg,FACTU2015040053.jpg,image/jpeg,1,train,False,53
invoices/FACTU2015040054.jpg,FACTU2015040054.jpg,image/jpeg,1,test,False,64
invoices/FACTU2015040059.jpg,FACTU2015040059.jpg,image/jpeg,1,train,False,159
invoices/FACTU2015040060.jpg,FACTU2015040060.jpg,image/jpeg,1,train,False,121
invoices/FACTU2015040061.jpg,FACTU2015040061.jpg,image/jpeg,1,train,False,140
invoices/FACTU2015050043.jpg,FACTU2015050043.jpg,image/jpeg,1,train,False,114
invoices/FACTU2015050044.jpg,FACTU2015050044.jpg,image/jpeg,1,train,False,112
invoices/FACTU2015050045.jpg,FACTU2015050045.jpg,image/jpeg,1,test,False,141
invoices/FACTU2015050046.jpg,FACTU2015050046.jpg,image/jpeg,1,train,False,140
invoices/FACTU2015050047.jpg,FACTU2015050047.jpg,image/jpeg,1,test,False,139
invoices/FACTU2015050048.jpg,FACTU2015050048.jpg,image/jpeg,1,train,False,93
invoices/FACTU2015050050.jpg,FACTU2015050050.jpg,image/jpeg,1,test,False,178
invoices/FACTU2015050051.jpg,FACTU2015050051.jpg,image/jpeg,1,train,False,189
invoices/FACTU2015050054.jpg,FACTU2015050054.jpg,image/jpeg,1,train,False,92
invoices/FACTU2015050055.jpg,FACTU2015050055.jpg,image/jpeg,1,test,False,57
invoices/FACTU2015050056.jpg,FACTU2015050056.jpg,image/jpeg,1,test,False,92
invoices/FACTU2015050057.jpg,FACTU2015050057.jpg,image/jpeg,1,train,False,49
invoices/FACTU2015050063.jpg,FACTU2015050063.jpg,image/jpeg,1,train,False,126
invoices/FACTU2015050064.jpg,FACTU2015050064.jpg,image/jpeg,1,train,False,134
invoices/FACTU2015050065.jpg,FACTU2015050065.jpg,image/jpeg,1,train,False,146
invoices/FACTU2015050066.jpg,FACTU2015050066.jpg,image/jpeg,1,train,False,101
invoices/FACTU2015050067.jpg,FACTU2015050067.jpg,image/jpeg,1,train,False,126
invoices/FACTU2015050068.jpg,FACTU2015050068.jpg,image/jpeg,1,train,False,115
invoices/FACTU2015060038.jpg,FACTU2015060038.jpg,image/jpeg,1,train,False,130
invoices/FACTU2015060039.jpg,FACTU2015060039.jpg,image/jpeg,1,train,False,133
invoices/FACTU2015060040.jpg,FACTU2015060040.jpg,image/jpeg,1,train,False,110
invoices/FACTU2015060043.jpg,FACTU2015060043.jpg,image/jpeg,1,train,False,202
invoices/FACTU2015060047.jpg,FACTU2015060047.jpg,image/jpeg,1,train,False,54
invoices/FACTU2015060048.jpg,FACTU2015060048.jpg,image/jpeg,1,train,False,58
invoices/FACTU2015060050.jpg,FACTU2015060050.jpg,image/jpeg,1,train,False,103
invoices/FACTU2015060051.jpg,FACTU2015060051.jpg,image/jpeg,1,test,False,93
invoices/FACTU2015060052.jpg,FACTU2015060052.jpg,image/jpeg,1,train,False,110
invoices/FACTU2015060053.jpg,FACTU2015060053.jpg,image/jpeg,1,train,False,165
invoices/FACTU2015060054.jpg,FACTU2015060054.jpg,image/jpeg,1,train,False,133
invoices/FACTU2015060055.jpg,FACTU2015060055.jpg,image/jpeg,1,test,False,131
invoices/FACTU2015060056.jpg,FACTU2015060056.jpg,image/jpeg,1,train,False,134
invoices/FACTU2015070049.jpg,FACTU2015070049.jpg,image/jpeg,1,train,False,120
invoices/FACTU2015070050.jpg,FACTU2015070050.jpg,image/jpeg,1,train,False,66
invoices/FACTU2015070056.jpg,FACTU2015070056.jpg,image/jpeg,1,train,False,84
invoices/FACTU2015070057.jpg,FACTU2015070057.jpg,image/jpeg,1,train,False,91
invoices/FACTU2015070058.jpg,FACTU2015070058.jpg,image/jpeg,1,train,False,81
invoices/FACTU2015070061.jpg,FACTU2015070061.jpg,image/jpeg,1,test,False,115
invoices/FACTU2015070062.jpg,FACTU2015070062.jpg,image/jpeg,1,test,False,83
invoices/FACTU2015070063.jpg,FACTU2015070063.jpg,image/jpeg,1,train,False,99
invoices/FACTU2015070064.jpg,FACTU2015070064.jpg,image/jpeg,1,train,False,124
invoices/FACTU2015070065.jpg,FACTU2015070065.jpg,image/jpeg,1,train,False,108
invoices/FACTU2015070066.jpg,FACTU2015070066.jpg,image/jpeg,1,test,False,117
invoices/FACTU2015070067.jpg,FACTU2015070067.jpg,image/jpeg,1,test,False,145
invoices/FACTU2015070068.jpg,FACTU2015070068.jpg,image/jpeg,1,test,False,77
invoices/FACTU2015070069.jpg,FACTU2015070069.jpg,image/jpeg,1,train,False,109
invoices/FACTU2015080053.jpg,FACTU2015080053.jpg,image/jpeg,1,train,False,81
invoices/FACTU2015080054.jpg,FACTU2015080054.jpg,image/jpeg,1,train,False,150
invoices/FACTU2015080055.jpg,FACTU2015080055.jpg,image/jpeg,1,train,False,89
invoices/FACTU2015080057.jpg,FACTU2015080057.jpg,image/jpeg,1,train,False,203
invoices/FACTU2015080058.jpg,FACTU2015080058.jpg,image/jpeg,1,train,False,178
invoices/FACTU2015080059.jpg,FACTU2015080059.jpg,image/jpeg,1,train,False,150
invoices/FACTU2015080064.jpg,FACTU2015080064.jpg,image/jpeg,1,train,False,89
invoices/FACTU2015080065.jpg,FACTU2015080065.jpg,image/jpeg,1,train,False,75
invoices/FACTU2015080066.jpg,FACTU2015080066.jpg,image/jpeg,1,train,False,75
invoices/FACTU2015080069.jpg,FACTU2015080069.jpg,image/jpeg,1,train,False,130
invoices/FACTU2015080070.jpg,FACTU2015080070.jpg,image/jpeg,1,train,False,173
invoices/FACTU2015080071.jpg,FACTU2015080071.jpg,image/jpeg,1,train,False,136
invoices/FACTU2015080072.jpg,FACTU2015080072.jpg,image/jpeg,1,test,False,169
invoices/FACTU2015080073.jpg,FACTU2015080073.jpg,image/jpeg,1,test,False,80
invoices/FACTU2015080074.jpg,FACTU2015080074.jpg,image/jpeg,1,train,False,158
invoices/FACTU2015080075.jpg,FACTU2015080075.jpg,image/jpeg,1,train,False,88
invoices/FACTU2015080076.jpg,FACTU2015080076.jpg,image/jpeg,1,train,False,112
invoices/FACTU2015080077.jpg,FACTU2015080077.jpg,image/jpeg,1,train,False,93
invoices/FACTU2015080078.jpg,FACTU2015080078.jpg,image/jpeg,1,test,False,163
invoices/FACTU2015080079.jpg,FACTU2015080079.jpg,image/jpeg,1,train,False,100
invoices/FACTU2015090047.jpg,FACTU2015090047.jpg,image/jpeg,1,train,False,91
invoices/FACTU2015090048.jpg,FACTU2015090048.jpg,image/jpeg,1,test,False,142
invoices/FACTU2015090050.jpg,FACTU2015090050.jpg,image/jpeg,1,train,False,208
invoices/FACTU2015090051.jpg,FACTU2015090051.jpg,image/jpeg,1,train,False,206
invoices/FACTU2015090052.jpg,FACTU2015090052.jpg,image/jpeg,1,train,False,144
invoices/FACTU2015090054.jpg,FACTU2015090054.jpg,image/jpeg,1,train,False,58
invoices/FACTU2015090055.jpg,FACTU2015090055.jpg,image/jpeg,1,train,False,89
invoices/FACTU2015090057.jpg,FACTU2015090057.jpg,image/jpeg,1,train,False,156
invoices/FACTU2015090058.jpg,FACTU2015090058.jpg,image/jpeg,1,train,False,96
invoices/FACTU2015090059.jpg,FACTU2015090059.jpg,image/jpeg,1,train,False,183
invoices/FACTU2015090060.jpg,FACTU2015090060.jpg,image/jpeg,1,train,False,139
invoices/FACTU2015090061.jpg,FACTU2015090061.jpg,image/jpeg,1,test,False,85
invoices/FACTU2015090062.jpg,FACTU2015090062.jpg,image/jpeg,1,train,False,78
invoices/FACTU2015090063.jpg,FACTU2015090063.jpg,image/jpeg,1,train,False,115
invoices/FACTU2015090064.jpg,FACTU2015090064.jpg,image/jpeg,1,train,False,105
invoices/FACTU2015090065.jpg,FACTU2015090065.jpg,image/jpeg,1,train,False,131
invoices/FACTU2015090066.jpg,FACTU2015090066.jpg,image/jpeg,1,train,False,92
invoices/FACTU2015090067.jpg,FACTU2015090067.jpg,image/jpeg,1,test,False,104
invoices/FACTU2015100043.jpg,FACTU2015100043.jpg,image/jpeg,1,train,False,134
invoices/FACTU2015100044.jpg,FACTU2015100044.jpg,image/jpeg,1,train,False,182
invoices/FACTU2015100046.jpg,FACTU2015100046.jpg,image/jpeg,1,train,False,102
invoices/FACTU2015100047.jpg,FACTU2015100047.jpg,image/jpeg,1,train,False,102
invoices/FACTU2015100048.jpg,FACTU2015100048.jpg,image/jpeg,1,train,False,122
invoices/FACTU2015110043.jpg,FACTU2015110043.jpg,image/jpeg,1,train,False,103
invoices/FACTU2015110046.jpg,FACTU2015110046.jpg,image/jpeg,1,train,False,199
invoices/FACTU2015110048.jpg,FACTU2015110048.jpg,image/jpeg,1,train,False,76
invoices/FACTU2015110049.jpg,FACTU2015110049.jpg,image/jpeg,1,train,False,59
invoices/FACTU2015110053.jpg,FACTU2015110053.jpg,image/jpeg,1,train,False,147
invoices/FACTU2015110054.jpg,FACTU2015110054.jpg,image/jpeg,1,test,False,165
invoices/FACTU2015110055.jpg,FACTU2015110055.jpg,image/jpeg,1,train,False,183
invoices/FACTU2015110056.jpg,FACTU2015110056.jpg,image/jpeg,1,train,False,153
invoices/FACTU2015110057.jpg,FACTU2015110057.jpg,image/jpeg,1,train,False,94
invoices/FACTU2015110058.jpg,FACTU2015110058.jpg,image/jpeg,1,train,False,105
invoices/FACTU2015120051.jpg,FACTU2015120051.jpg,image/jpeg,1,train,False,104
invoices/FACTU2015120052.jpg,FACTU2015120052.jpg,image/jpeg,1,test,False,98
invoices/FACTU2015120053.jpg,FACTU2015120053.jpg,image/jpeg,1,test,False,72
invoices/FACTU2015120057.jpg,FACTU2015120057.jpg,image/jpeg,1,train,False,167
invoices/FACTU2015120060.jpg,FACTU2015120060.jpg,image/jpeg,1,train,False,45
invoices/FACTU2015120062.jpg,FACTU2015120062.jpg,image/jpeg,1,train,False,124
invoices/FACTU2015120063.jpg,FACTU2015120063.jpg,image/jpeg,1,train,False,117
invoices/FACTU2015120064.jpg,FACTU2015120064.jpg,image/jpeg,1,train,False,107
invoices/FACTU2015120065.jpg,FACTU2015120065.jpg,image/jpeg,1,train,False,107
invoices/FACTU2016010045.jpg,FACTU2016010045.jpg,image/jpeg,1,train,False,210
invoices/FACTU2016010046.jpg,FACTU2016010046.jpg,image/jpeg,1,train,False,201
invoices/FACTU2016010049.jpg,FACTU2016010049.jpg,image/jpeg,1,train,False,85
invoices/FACTU2016010054.jpg,FACTU2016010054.jpg,image/jpeg,1,train,False,161
invoices/FACTU2016010055.jpg,FACTU2016010055.jpg,image/jpeg,1,test,False,127
invoices/FACTU2016010056.jpg,FACTU2016010056.jpg,image/jpeg,1,train,False,92
invoices/FACTU2016020048.jpg,FACTU2016020048.jpg,image/jpeg,1,train,False,106
invoices/FACTU2016020049.jpg,FACTU2016020049.jpg,image/jpeg,1,train,False,118
invoices/FACTU2016020050.jpg,FACTU2016020050.jpg,image/jpeg,1,train,False,47
invoices/FACTU2016020051.jpg,FACTU2016020051.jpg,image/jpeg,1,train,False,124
invoices/FACTU2016020052.jpg,FACTU2016020052.jpg,image/jpeg,1,train,False,112
invoices/FACTU2016020055.jpg,FACTU2016020055.jpg,image/jpeg,1,test,False,143
invoices/FACTU2016020058.jpg,FACTU2016020058.jpg,image/jpeg,1,train,False,55
invoices/FACTU2016020060.jpg,FACTU2016020060.jpg,image/jpeg,1,train,False,147
invoices/FACTU2016020061.jpg,FACTU2016020061.jpg,image/jpeg,1,train,False,106
invoices/FACTU2016020062.jpg,FACTU2016020062.jpg,image/jpeg,1,train,False,117
invoices/FACTU2016020063.jpg,FACTU2016020063.jpg,image/jpeg,1,train,False,94
invoices/FACTU2016030039.jpg,FACTU2016030039.jpg,image/jpeg,1,train,False,119
invoices/FACTU2016030040.jpg,FACTU2016030040.jpg,image/jpeg,1,train,False,148
invoices/FACTU2016030041.jpg,FACTU2016030041.jpg,image/jpeg,1,train,False,142
invoices/FACTU2016030042.jpg,FACTU2016030042.jpg,image/jpeg,1,test,False,62
invoices/FACTU2016030045.jpg,FACTU2016030045.jpg,image/jpeg,1,train,False,134
invoices/FACTU2016030046.jpg,FACTU2016030046.jpg,image/jpeg,1,train,False,206
invoices/FACTU2016030049.jpg,FACTU2016030049.jpg,image/jpeg,1,test,False,68
invoices/FACTU2016030053.jpg,FACTU2016030053.jpg,image/jpeg,1,train,False,116
invoices/FACTU2016030054.jpg,FACTU2016030054.jpg,image/jpeg,1,test,False,104
invoices/FACTU2016030055.jpg,FACTU2016030055.jpg,image/jpeg,1,train,False,86
invoices/FACTU2016030056.jpg,FACTU2016030056.jpg,image/jpeg,1,test,False,152
invoices/FACTU2016030057.jpg,FACTU2016030057.jpg,image/jpeg,1,test,False,151
invoices/FACTU2016030058.jpg,FACTU2016030058.jpg,image/jpeg,1,train,False,124
invoices/FACTU2016040038.jpg,FACTU2016040038.jpg,image/jpeg,1,test,False,104
invoices/FACTU2016040039.jpg,FACTU2016040039.jpg,image/jpeg,1,train,False,141
invoices/FACTU2016040040.jpg,FACTU2016040040.jpg,image/jpeg,1,train,False,67
invoices/FACTU2016040041.jpg,FACTU2016040041.jpg,image/jpeg,1,test,False,90
invoices/FACTU2016040042.jpg,FACTU2016040042.jpg,image/jpeg,1,test,False,189
invoices/FACTU2016040043.jpg,FACTU2016040043.jpg,image/jpeg,1,train,False,85
invoices/FACTU2016040046.jpg,FACTU2016040046.jpg,image/jpeg,1,train,False,77
invoices/FACTU2016040047.jpg,FACTU2016040047.jpg,image/jpeg,1,test,False,137
invoices/FACTU2016040048.jpg,FACTU2016040048.jpg,image/jpeg,1,train,False,117
invoices/FACTU2016040049.jpg,FACTU2016040049.jpg,image/jpeg,1,train,False,89
invoices/FACTU2016040050.jpg,FACTU2016040050.jpg,image/jpeg,1,train,False,113
invoices/FACTU2016040051.jpg,FACTU2016040051.jpg,image/jpeg,1,train,False,93
invoices/FACTU2016050049.jpg,FACTU2016050049.jpg,image/jpeg,1,test,False,121
invoices/FACTU2016050050.jpg,FACTU2016050050.jpg,image/jpeg,1,train,False,90
invoices/FACTU2016050051.jpg,FACTU2016050051.jpg,image/jpeg,1,train,False,141
invoices/FACTU2016050052.jpg,FACTU2016050052.jpg,image/jpeg,1,train,False,63
invoices/FACTU2016050053.jpg,FACTU2016050053.jpg,image/jpeg,1,test,False,85
invoices/FACTU2016050054.jpg,FACTU2016050054.jpg,image/jpeg,1,train,False,49
invoices/FACTU2016050055.jpg,FACTU2016050055.jpg,image/jpeg,1,train,False,126
invoices/FACTU2016050060.jpg,FACTU2016050060.jpg,image/jpeg,1,train,False,155
invoices/FACTU2016050061.jpg,FACTU2016050061.jpg,image/jpeg,1,test,False,123
invoices/FACTU2016050062.jpg,FACTU2016050062.jpg,image/jpeg,1,train,False,140
invoices/FACTU2016050063.jpg,FACTU2016050063.jpg,image/jpeg,1,test,False,128
invoices/FACTU2016050064.jpg,FACTU2016050064.jpg,image/jpeg,1,train,False,186
invoices/FACTU2016050065.jpg,FACTU2016050065.jpg,image/jpeg,1,test,False,186
invoices/FACTU2016050066.jpg,FACTU2016050066.jpg,image/jpeg,1,train,False,99
invoices/FACTU2016050067.jpg,FACTU2016050067.jpg,image/jpeg,1,test,False,155
invoices/FACTU2016050068.jpg,FACTU2016050068.jpg,image/jpeg,1,train,False,76
invoices/FACTU2016050069.jpg,FACTU2016050069.jpg,image/jpeg,1,train,False,92
invoices/FACTU2016050070.jpg,FACTU2016050070.jpg,image/jpeg,1,train,False,163
invoices/FACTU2016050071.jpg,FACTU2016050071.jpg,image/jpeg,1,train,False,156
invoices/FACTU2016060042.jpg,FACTU2016060042.jpg,image/jpeg,1,train,False,86
invoices/FACTU2016060043.jpg,FACTU2016060043.jpg,image/jpeg,1,train,False,129
invoices/FACTU2016060045.jpg,FACTU2016060045.jpg,image/jpeg,1,train,False,134
invoices/FACTU2016060048.jpg,FACTU2016060048.jpg,image/jpeg,1,train,False,56
invoices/FACTU2016060049.jpg,FACTU2016060049.jpg,image/jpeg,1,train,False,51
invoices/FACTU2016060055.jpg,FACTU2016060055.jpg,image/jpeg,1,train,False,97
invoices/FACTU2016060056.jpg,FACTU2016060056.jpg,image/jpeg,1,train,False,101
invoices/FACTU2016060057.jpg,FACTU2016060057.jpg,image/jpeg,1,train,False,68
invoices/FACTU2016060058.jpg,FACTU2016060058.jpg,image/jpeg,1,train,False,123
invoices/FACTU2016060059.jpg,FACTU2016060059.jpg,image/jpeg,1,train,False,137
invoices/FACTU2016060060.jpg,FACTU2016060060.jpg,image/jpeg,1,train,False,80
invoices/FACTU2016060061.jpg,FACTU2016060061.jpg,image/jpeg,1,train,False,130
invoices/FACTU2016060062.jpg,FACTU2016060062.jpg,image/jpeg,1,train,False,122
invoices/FACTU2016070035.jpg,FACTU2016070035.jpg,image/jpeg,1,train,False,65
invoices/FACTU2016070039.jpg,FACTU2016070039.jpg,image/jpeg,1,test,False,50
invoices/FACTU2016070042.jpg,FACTU2016070042.jpg,image/jpeg,1,train,False,155
invoices/FACTU2016070043.jpg,FACTU2016070043.jpg,image/jpeg,1,test,False,132
invoices/FACTU2016070044.jpg,FACTU2016070044.jpg,image/jpeg,1,train,False,140
invoices/FACTU2016070045.jpg,FACTU2016070045.jpg,image/jpeg,1,train,False,78
invoices/FACTU2016070046.jpg,FACTU2016070046.jpg,image/jpeg,1,test,False,104
invoices/FACTU2016070047.jpg,FACTU2016070047.jpg,image/jpeg,1,train,False,97
invoices/FACTU2016080047.jpg,FACTU2016080047.jpg,image/jpeg,1,train,False,108
invoices/FACTU2016080048.jpg,FACTU2016080048.jpg,image/jpeg,1,test,False,114
invoices/FACTU2016080050.jpg,FACTU2016080050.jpg,image/jpeg,1,train,False,93
invoices/FACTU2016080051.jpg,FACTU2016080051.jpg,image/jpeg,1,train,False,69
invoices/FACTU2016080052.jpg,FACTU2016080052.jpg,image/jpeg,1,train,False,121
invoices/FACTU2016080053.jpg,FACTU2016080053.jpg,image/jpeg,1,train,False,130
invoices/FACTU2016080057.jpg,FACTU2016080057.jpg,image/jpeg,1,train,False,96
invoices/FACTU2016080058.jpg,FACTU2016080058.jpg,image/jpeg,1,train,False,103
invoices/FACTU2016080059.jpg,FACTU2016080059.jpg,image/jpeg,1,test,False,76
invoices/FACTU2016080060.jpg,FACTU2016080060.jpg,image/jpeg,1,train,False,93
invoices/FACTU2016080061.jpg,FACTU2016080061.jpg,image/jpeg,1,train,False,136
invoices/FACTU2016080062.jpg,FACTU2016080062.jpg,image/jpeg,1,test,False,133
invoices/FACTU2016090042.jpg,FACTU2016090042.jpg,image/jpeg,1,train,False,91
invoices/FACTU2016090043.jpg,FACTU2016090043.jpg,image/jpeg,1,test,False,100
invoices/FACTU2016090044.jpg,FACTU2016090044.jpg,image/jpeg,1,train,False,74
invoices/FACTU2016090050.jpg,FACTU2016090050.jpg,image/jpeg,1,train,False,152
invoices/FACTU2016090051.jpg,FACTU2016090051.jpg,image/jpeg,1,train,False,119
invoices/FACTU2016090052.jpg,FACTU2016090052.jpg,image/jpeg,1,train,False,133
invoices/FACTU2016090053.jpg,FACTU2016090053.jpg,image/jpeg,1,train,False,191
invoices/FACTU2016090054.jpg,FACTU2016090054.jpg,image/jpeg,1,train,False,115
invoices/FACTU2016100060.jpg,FACTU2016100060.jpg,image/jpeg,1,train,False,102
invoices/FACTU2016100061.jpg,FACTU2016100061.jpg,image/jpeg,1,train,False,62
invoices/FACTU2016100062.jpg,FACTU2016100062.jpg,image/jpeg,1,train,False,47
invoices/FACTU2016100063.jpg,FACTU2016100063.jpg,image/jpeg,1,train,False,45
invoices/FACTU2016100068.jpg,FACTU2016100068.jpg,image/jpeg,1,train,False,62
invoices/FACTU2016100069.jpg,FACTU2016100069.jpg,image/jpeg,1,train,False,57
invoices/FACTU2016100071.jpg,FACTU2016100071.jpg,image/jpeg,1,train,False,156
invoices/FACTU2016100072.jpg,FACTU2016100072.jpg,image/jpeg,1,train,False,86
invoices/FACTU2016100073.jpg,FACTU2016100073.jpg,image/jpeg,1,train,False,96
invoices/FACTU2016100074.jpg,FACTU2016100074.jpg,image/jpeg,1,train,False,130
invoices/FACTU2016100075.jpg,FACTU2016100075.jpg,image/jpeg,1,test,False,123
invoices/FACTU2016100076.jpg,FACTU2016100076.jpg,image/jpeg,1,test,False,119
invoices/FACTU2016100077.jpg,FACTU2016100077.jpg,image/jpeg,1,train,False,169
invoices/FACTU2016110041.jpg,FACTU2016110041.jpg,image/jpeg,1,train,False,93
invoices/FACTU2016110042.jpg,FACTU2016110042.jpg,image/jpeg,1,train,False,196
invoices/FACTU2016110044.jpg,FACTU2016110044.jpg,image/jpeg,1,train,False,53
invoices/FACTU2016110045.jpg,FACTU2016110045.jpg,image/jpeg,1,test,False,138
invoices/FACTU2016110046.jpg,FACTU2016110046.jpg,image/jpeg,1,train,False,120
invoices/FACTU2016110047.jpg,FACTU2016110047.jpg,image/jpeg,1,train,False,152
invoices/FACTU2016110048.jpg,FACTU2016110048.jpg,image/jpeg,1,train,False,121
invoices/FACTU2016110049.jpg,FACTU2016110049.jpg,image/jpeg,1,train,False,85
invoices/FACTU2016110050.jpg,FACTU2016110050.jpg,image/jpeg,1,train,False,152
invoices/FACTU2016110051.jpg,FACTU2016110051.jpg,image/jpeg,1,train,False,103
invoices/FACTU2016110052.jpg,FACTU2016110052.jpg,image/jpeg,1,test,False,117
invoices/FACTU2016120045.jpg,FACTU2016120045.jpg,image/jpeg,1,train,False,64
invoices/FACTU2016120046.jpg,FACTU2016120046.jpg,image/jpeg,1,train,False,117
invoices/FACTU2016120047.jpg,FACTU2016120047.jpg,image/jpeg,1,test,False,65
invoices/FACTU2016120049.jpg,FACTU2016120049.jpg,image/jpeg,1,train,False,202
invoices/FACTU2016120050.jpg,FACTU2016120050.jpg,image/jpeg,1,train,False,161
invoices/FACTU2016120051.jpg,FACTU2016120051.jpg,image/jpeg,1,train,False,144
invoices/FACTU2016120056.jpg,FACTU2016120056.jpg,image/jpeg,1,train,False,45
invoices/FACTU2016120057.jpg,FACTU2016120057.jpg,image/jpeg,1,test,False,80
invoices/FACTU2016120058.jpg,FACTU2016120058.jpg,image/jpeg,1,train,False,150
invoices/FACTU2016120059.jpg,FACTU2016120059.jpg,image/jpeg,1,train,False,165
invoices/FACTU2016120060.jpg,FACTU2016120060.jpg,image/jpeg,1,train,False,115
invoices/FACTU2016120061.jpg,FACTU2016120061.jpg,image/jpeg,1,test,False,150
invoices/FACTU2016120062.jpg,FACTU2016120062.jpg,image/jpeg,1,train,False,97
invoices/FACTU2016120063.jpg,FACTU2016120063.jpg,image/jpeg,1,test,False,94
invoices/FACTU2016120064.jpg,FACTU2016120064.jpg,image/jpeg,1,train,False,159
invoices/FACTU2016120065.jpg,FACTU2016120065.jpg,image/jpeg,1,train,False,98
invoices/FACTU2017010042.jpg,FACTU2017010042.jpg,image/jpeg,1,train,False,88
invoices/FACTU2017010043.jpg,FACTU2017010043.jpg,image/jpeg,1,train,False,75
invoices/FACTU2017010044.jpg,FACTU2017010044.jpg,image/jpeg,1,train,False,89
invoices/FACTU2017010046.jpg,FACTU2017010046.jpg,image/jpeg,1,test,False,184
invoices/FACTU2017010047.jpg,FACTU2017010047.jpg,image/jpeg,1,train,False,195
invoices/FACTU2017010048.jpg,FACTU2017010048.jpg,image/jpeg,1,train,False,81
invoices/FACTU2017010049.jpg,FACTU2017010049.jpg,image/jpeg,1,train,False,38
invoices/FACTU2017010050.jpg,FACTU2017010050.jpg,image/jpeg,1,train,False,39
invoices/FACTU2017010056.jpg,FACTU2017010056.jpg,image/jpeg,1,train,False,82
invoices/FACTU2017010057.jpg,FACTU2017010057.jpg,image/jpeg,1,train,False,104
invoices/FACTU2017020046.jpg,FACTU2017020046.jpg,image/jpeg,1,train,False,144
invoices/FACTU2017020048.jpg,FACTU2017020048.jpg,image/jpeg,1,train,False,168
invoices/FACTU2017020049.jpg,FACTU2017020049.jpg,image/jpeg,1,train,False,178
invoices/FACTU2017020050.jpg,FACTU2017020050.jpg,image/jpeg,1,train,False,138
invoices/FACTU2017020051.jpg,FACTU2017020051.jpg,image/jpeg,1,train,False,203
invoices/FACTU2017020052.jpg,FACTU2017020052.jpg,image/jpeg,1,train,False,53
invoices/FACTU2017020053.jpg,FACTU2017020053.jpg,image/jpeg,1,train,False,58
invoices/FACTU2017020056.jpg,FACTU2017020056.jpg,image/jpeg,1,train,False,92
invoices/FACTU2017020057.jpg,FACTU2017020057.jpg,image/jpeg,1,train,False,149
invoices/FACTU2017020058.jpg,FACTU2017020058.jpg,image/jpeg,1,test,False,78
invoices/FACTU2017030046.jpg,FACTU2017030046.jpg,image/jpeg,1,test,False,94
invoices/FACTU2017030047.jpg,FACTU2017030047.jpg,image/jpeg,1,train,False,137
invoices/FACTU2017030048.jpg,FACTU2017030048.jpg,image/jpeg,1,train,False,140
invoices/FACTU2017030049.jpg,FACTU2017030049.jpg,image/jpeg,1,train,False,191
invoices/FACTU2017030050.jpg,FACTU2017030050.jpg,image/jpeg,1,train,False,127
invoices/FACTU2017030053.jpg,FACTU2017030053.jpg,image/jpeg,1,train,False,71
invoices/FACTU2017030057.jpg,FACTU2017030057.jpg,image/jpeg,1,train,False,95
invoices/FACTU2017030058.jpg,FACTU2017030058.jpg,image/jpeg,1,train,False,128
invoices/FACTU2017030059.jpg,FACTU2017030059.jpg,image/jpeg,1,train,False,99
invoices/FACTU2017030060.jpg,FACTU2017030060.jpg,image/jpeg,1,train,False,80
invoices/FACTU2017030061.jpg,FACTU2017030061.jpg,image/jpeg,1,train,False,128
invoices/FACTU2017040047.jpg,FACTU2017040047.jpg,image/jpeg,1,train,False,136
invoices/FACTU2017040049.jpg,FACTU2017040049.jpg,image/jpeg,1,train,False,175
invoices/FACTU2017040052.jpg,FACTU2017040052.jpg,image/jpeg,1,train,False,92
invoices/FACTU2017040053.jpg,FACTU2017040053.jpg,image/jpeg,1,train,False,45
invoices/FACTU2017040054.jpg,FACTU2017040054.jpg,image/jpeg,1,train,False,47
invoices/FACTU2017040056.jpg,FACTU2017040056.jpg,image/jpeg,1,train,False,90
invoices/FACTU2017040057.jpg,FACTU2017040057.jpg,image/jpeg,1,train,False,134
invoices/FACTU2017050051.jpg,FACTU2017050051.jpg,image/jpeg,1,train,False,134
invoices/FACTU2017050052.jpg,FACTU2017050052.jpg,image/jpeg,1,train,False,134
invoices/FACTU2017050053.jpg,FACTU2017050053.jpg,image/jpeg,1,train,False,124
invoices/FACTU2017050054.jpg,FACTU2017050054.jpg,image/jpeg,1,train,False,127
invoices/FACTU2017050055.jpg,FACTU2017050055.jpg,image/jpeg,1,train,False,101
invoices/FACTU2017050056.jpg,FACTU2017050056.jpg,image/jpeg,1,test,False,115
invoices/FACTU2017060037.jpg,FACTU2017060037.jpg,image/jpeg,1,train,False,134
invoices/FACTU2017060044.jpg,FACTU2017060044.jpg,image/jpeg,1,test,False,124
invoices/FACTU2017060045.jpg,FACTU2017060045.jpg,image/jpeg,1,train,False,84
invoices/FACTU2017060046.jpg,FACTU2017060046.jpg,image/jpeg,1,train,False,118
invoices/FACTU2017060047.jpg,FACTU2017060047.jpg,image/jpeg,1,train,False,89
invoices/FACTU2017060048.jpg,FACTU2017060048.jpg,image/jpeg,1,train,False,113
invoices/FACTU2017060049.jpg,FACTU2017060049.jpg,image/jpeg,1,train,False,134
invoices/FACTU2017070031.jpg,FACTU2017070031.jpg,image/jpeg,1,train,False,117
invoices/FACTU2017070032.jpg,FACTU2017070032.jpg,image/jpeg,1,train,False,100
invoices/FACTU2017070035.jpg,FACTU2017070035.jpg,image/jpeg,1,train,False,179
invoices/FACTU2017070036.jpg,FACTU2017070036.jpg,image/jpeg,1,test,False,183
invoices/FACTU2017070043.jpg,FACTU2017070043.jpg,image/jpeg,1,train,False,103
invoices/FACTU2017070044.jpg,FACTU2017070044.jpg,image/jpeg,1,train,False,84
invoices/FACTU2017070045.jpg,FACTU2017070045.jpg,image/jpeg,1,test,False,99
invoices/FACTU2017070046.jpg,FACTU2017070046.jpg,image/jpeg,1,train,False,132
invoices/FACTU2017070047.jpg,FACTU2017070047.jpg,image/jpeg,1,train,False,130
invoices/FACTU2017070048.jpg,FACTU2017070048.jpg,image/jpeg,1,test,False,121
invoices/FACTU2017070049.jpg,FACTU2017070049.jpg,image/jpeg,1,train,False,157
invoices/FACTU2017070050.jpg,FACTU2017070050.jpg,image/jpeg,1,train,False,131
invoices/FACTU2017070051.jpg,FACTU2017070051.jpg,image/jpeg,1,train,False,100
invoices/FACTU2017080042.jpg,FACTU2017080042.jpg,image/jpeg,1,train,False,97
invoices/FACTU2017080043.jpg,FACTU2017080043.jpg,image/jpeg,1,train,False,124
invoices/FACTU2017080044.jpg,FACTU2017080044.jpg,image/jpeg,1,train,False,102
invoices/FACTU2017080045.jpg,FACTU2017080045.jpg,image/jpeg,1,train,False,145
invoices/FACTU2017080046.jpg,FACTU2017080046.jpg,image/jpeg,1,train,False,175
invoices/FACTU2017080048.jpg,FACTU2017080048.jpg,image/jpeg,1,train,False,49
invoices/FACTU2017080052.jpg,FACTU2017080052.jpg,image/jpeg,1,train,False,158
invoices/FACTU2017080053.jpg,FACTU2017080053.jpg,image/jpeg,1,train,False,83
invoices/FACTU2017080054.jpg,FACTU2017080054.jpg,image/jpeg,1,train,False,107
invoices/FACTU2017080055.jpg,FACTU2017080055.jpg,image/jpeg,1,train,False,103
invoices/FACTU2017080056.jpg,FACTU2017080056.jpg,image/jpeg,1,train,False,159
invoices/FACTU2017080057.jpg,FACTU2017080057.jpg,image/jpeg,1,train,False,79
invoices/FACTU2017080058.jpg,FACTU2017080058.jpg,image/jpeg,1,train,False,147
invoices/FACTU2017080059.jpg,FACTU2017080059.jpg,image/jpeg,1,train,False,93
invoices/FACTU2017090046.jpg,FACTU2017090046.jpg,image/jpeg,1,train,False,75
invoices/FACTU2017090047.jpg,FACTU2017090047.jpg,image/jpeg,1,train,False,83
invoices/FACTU2017090048.jpg,FACTU2017090048.jpg,image/jpeg,1,train,False,121
invoices/FACTU2017090049.jpg,FACTU2017090049.jpg,image/jpeg,1,train,False,200
invoices/FACTU2017090051.jpg,FACTU2017090051.jpg,image/jpeg,1,train,False,76
invoices/FACTU2017090053.jpg,FACTU2017090053.jpg,image/jpeg,1,test,False,122
invoices/FACTU2017090054.jpg,FACTU2017090054.jpg,image/jpeg,1,train,False,113
invoices/FACTU2017090055.jpg,FACTU2017090055.jpg,image/jpeg,1,test,False,152
invoices/FACTU2017090056.jpg,FACTU2017090056.jpg,image/jpeg,1,train,False,89
invoices/FACTU2017090057.jpg,FACTU2017090057.jpg,image/jpeg,1,test,False,116
invoices/FACTU2017100043.jpg,FACTU2017100043.jpg,image/jpeg,1,train,False,211
invoices/FACTU2017100044.jpg,FACTU2017100044.jpg,image/jpeg,1,train,False,145
invoices/FACTU2017100045.jpg,FACTU2017100045.jpg,image/jpeg,1,train,False,171
invoices/FACTU2017100047.jpg,FACTU2017100047.jpg,image/jpeg,1,train,False,81
invoices/FACTU2017100048.jpg,FACTU2017100048.jpg,image/jpeg,1,train,False,57
invoices/FACTU2017100049.jpg,FACTU2017100049.jpg,image/jpeg,1,train,False,117
invoices/FACTU2017100050.jpg,FACTU2017100050.jpg,image/jpeg,1,test,False,98
invoices/FACTU2017100051.jpg,FACTU2017100051.jpg,image/jpeg,1,train,False,79
invoices/FACTU2017100052.jpg,FACTU2017100052.jpg,image/jpeg,1,train,False,156
invoices/FACTU2017100053.jpg,FACTU2017100053.jpg,image/jpeg,1,train,False,102
invoices/FACTU2017100054.jpg,FACTU2017100054.jpg,image/jpeg,1,test,False,93
invoices/FACTU2017100055.jpg,FACTU2017100055.jpg,image/jpeg,1,train,False,112
invoices/FACTU2017100056.jpg,FACTU2017100056.jpg,image/jpeg,1,train,False,143
invoices/FACTU2017100057.jpg,FACTU2017100057.jpg,image/jpeg,1,train,False,152
invoices/FACTU2017100058.jpg,FACTU2017100058.jpg,image/jpeg,1,test,False,154
invoices/FACTU2017100059.jpg,FACTU2017100059.jpg,image/jpeg,1,train,False,88
invoices/FACTU2017100060.jpg,FACTU2017100060.jpg,image/jpeg,1,train,False,139
invoices/FACTU2017100061.jpg,FACTU2017100061.jpg,image/jpeg,1,train,False,88
invoices/FACTU2017110048.jpg,FACTU2017110048.jpg,image/jpeg,1,train,False,132
invoices/FACTU2017110049.jpg,FACTU2017110049.jpg,image/jpeg,1,train,False,213
invoices/FACTU2017110052.jpg,FACTU2017110052.jpg,image/jpeg,1,train,False,37
invoices/FACTU2017110055.jpg,FACTU2017110055.jpg,image/jpeg,1,train,False,138
invoices/FACTU2017110056.jpg,FACTU2017110056.jpg,image/jpeg,1,train,False,112
invoices/FACTU2017110057.jpg,FACTU2017110057.jpg,image/jpeg,1,test,False,108
invoices/FACTU2017110058.jpg,FACTU2017110058.jpg,image/jpeg,1,test,False,178
invoices/FACTU2017110059.jpg,FACTU2017110059.jpg,image/jpeg,1,train,False,86
invoices/FACTU2017110060.jpg,FACTU2017110060.jpg,image/jpeg,1,test,False,119
invoices/FACTU2017110061.jpg,FACTU2017110061.jpg,image/jpeg,1,test,False,87
invoices/FACTU2017110062.jpg,FACTU2017110062.jpg,image/jpeg,1,test,False,154
invoices/FACTU2017110063.jpg,FACTU2017110063.jpg,image/jpeg,1,train,False,149
invoices/FACTU2017110064.jpg,FACTU2017110064.jpg,image/jpeg,1,train,False,104
invoices/FACTU2017110065.jpg,FACTU2017110065.jpg,image/jpeg,1,train,False,106
invoices/FACTU2017110066.jpg,FACTU2017110066.jpg,image/jpeg,1,train,False,139
invoices/FACTU2017120061.jpg,FACTU2017120061.jpg,image/jpeg,1,train,False,130
invoices/FACTU2017120066.jpg,FACTU2017120066.jpg,image/jpeg,1,train,False,85
invoices/FACTU2017120069.jpg,FACTU2017120069.jpg,image/jpeg,1,train,False,97
invoices/FACTU2017120070.jpg,FACTU2017120070.jpg,image/jpeg,1,train,False,80
invoices/FACTU2017120071.jpg,FACTU2017120071.jpg,image/jpeg,1,train,False,104
invoices/FACTU2018010043.jpg,FACTU2018010043.jpg,image/jpeg,1,train,False,77
invoices/FACTU2018010044.jpg,FACTU2018010044.jpg,image/jpeg,1,train,False,86
invoices/FACTU2018010045.jpg,FACTU2018010045.jpg,image/jpeg,1,train,False,49
invoices/FACTU2018010046.jpg,FACTU2018010046.jpg,image/jpeg,1,train,False,146
invoices/FACTU2018010052.jpg,FACTU2018010052.jpg,image/jpeg,1,train,False,111
invoices/FACTU2018010053.jpg,FACTU2018010053.jpg,image/jpeg,1,test,False,113
invoices/FACTU2018020061.jpg,FACTU2018020061.jpg,image/jpeg,1,train,False,79
invoices/FACTU2018020063.jpg,FACTU2018020063.jpg,image/jpeg,1,test,False,79
invoices/FACTU2018020064.jpg,FACTU2018020064.jpg,image/jpeg,1,train,False,81
invoices/FACTU2018020065.jpg,FACTU2018020065.jpg,image/jpeg,1,test,False,83
invoices/FACTU2018020066.jpg,FACTU2018020066.jpg,image/jpeg,1,test,False,86
invoices/FACTU2018020067.jpg,FACTU2018020067.jpg,image/jpeg,1,train,False,96
invoices/FACTU2018020068.jpg,FACTU2018020068.jpg,image/jpeg,1,test,False,103
invoices/FACTU2018030046.jpg,FACTU2018030046.jpg,image/jpeg,1,train,False,117
invoices/FACTU2018030049.jpg,FACTU2018030049.jpg,image/jpeg,1,test,False,202
invoices/FACTU2018030052.jpg,FACTU2018030052.jpg,image/jpeg,1,train,False,90
invoices/FACTU2018030055.jpg,FACTU2018030055.jpg,image/jpeg,1,train,False,93
invoices/FACTU2018030056.jpg,FACTU2018030056.jpg,image/jpeg,1,train,False,98
invoices/FACTU2018030057.jpg,FACTU2018030057.jpg,image/jpeg,1,train,False,136
invoices/FACTU2018030058.jpg,FACTU2018030058.jpg,image/jpeg,1,test,False,129
invoices/FACTU2018030059.jpg,FACTU2018030059.jpg,image/jpeg,1,train,False,106
invoices/FACTU2018030060.jpg,FACTU2018030060.jpg,image/jpeg,1,train,False,89
invoices/FACTU2018030061.jpg,FACTU2018030061.jpg,image/jpeg,1,train,False,132
invoices/FACTU2018040046.jpg,FACTU2018040046.jpg,image/jpeg,1,train,False,57
invoices/FACTU2018040047.jpg,FACTU2018040047.jpg,image/jpeg,1,train,False,81
invoices/FACTU2018040048.jpg,FACTU2018040048.jpg,image/jpeg,1,train,False,147
invoices/FACTU2018040052.jpg,FACTU2018040052.jpg,image/jpeg,1,train,False,128
invoices/FACTU2018040053.jpg,FACTU2018040053.jpg,image/jpeg,1,train,False,139
invoices/FACTU2018040054.jpg,FACTU2018040054.jpg,image/jpeg,1,train,False,136
invoices/FACTU2018040055.jpg,FACTU2018040055.jpg,image/jpeg,1,train,False,79
invoices/FACTU2018040056.jpg,FACTU2018040056.jpg,image/jpeg,1,train,False,102
invoices/FACTU2018050053.jpg,FACTU2018050053.jpg,image/jpeg,1,train,False,108
invoices/FACTU2018050054.jpg,FACTU2018050054.jpg,image/jpeg,1,train,False,49
invoices/FACTU2018050055.jpg,FACTU2018050055.jpg,image/jpeg,1,train,False,63
invoices/FACTU2018050056.jpg,FACTU2018050056.jpg,image/jpeg,1,test,False,110
invoices/FACTU2018050057.jpg,FACTU2018050057.jpg,image/jpeg,1,train,False,126
invoices/FACTU2018050066.jpg,FACTU2018050066.jpg,image/jpeg,1,train,False,127
invoices/FACTU2018050067.jpg,FACTU2018050067.jpg,image/jpeg,1,test,False,109
invoices/FACTU2018050068.jpg,FACTU2018050068.jpg,image/jpeg,1,train,False,80
invoices/FACTU2018050069.jpg,FACTU2018050069.jpg,image/jpeg,1,train,False,140
invoices/FACTU2018050070.jpg,FACTU2018050070.jpg,image/jpeg,1,train,False,131
invoices/FACTU2018050071.jpg,FACTU2018050071.jpg,image/jpeg,1,train,False,86
invoices/FACTU2018050072.jpg,FACTU2018050072.jpg,image/jpeg,1,train,False,89
invoices/FACTU2018050073.jpg,FACTU2018050073.jpg,image/jpeg,1,test,False,130
invoices/FACTU2018060039.jpg,FACTU2018060039.jpg,image/jpeg,1,train,False,86
invoices/FACTU2018060043.jpg,FACTU2018060043.jpg,image/jpeg,1,train,False,192
invoices/FACTU2018060044.jpg,FACTU2018060044.jpg,image/jpeg,1,train,False,88
invoices/FACTU2018060045.jpg,FACTU2018060045.jpg,image/jpeg,1,test,False,149
invoices/FACTU2018060046.jpg,FACTU2018060046.jpg,image/jpeg,1,train,False,153
invoices/FACTU2018060047.jpg,FACTU2018060047.jpg,image/jpeg,1,test,False,128
invoices/FACTU2018060048.jpg,FACTU2018060048.jpg,image/jpeg,1,train,False,99
invoices/FACTU2018070046.jpg,FACTU2018070046.jpg,image/jpeg,1,train,False,198
invoices/FACTU2018070047.jpg,FACTU2018070047.jpg,image/jpeg,1,train,False,176
invoices/FACTU2018070050.jpg,FACTU2018070050.jpg,image/jpeg,1,train,False,44
invoices/FACTU2018070053.jpg,FACTU2018070053.jpg,image/jpeg,1,train,False,84
invoices/FACTU2018070054.jpg,FACTU2018070054.jpg,image/jpeg,1,train,False,137
invoices/FACTU2018070055.jpg,FACTU2018070055.jpg,image/jpeg,1,train,False,81
invoices/FACTU2018070056.jpg,FACTU2018070056.jpg,image/jpeg,1,train,False,111
invoices/FACTU2018070057.jpg,FACTU2018070057.jpg,image/jpeg,1,train,False,98
invoices/FACTU2018070058.jpg,FACTU2018070058.jpg,image/jpeg,1,train,False,163
invoices/FACTU2018070059.jpg,FACTU2018070059.jpg,image/jpeg,1,train,False,110
invoices/FACTU2018070060.jpg,FACTU2018070060.jpg,image/jpeg,1,test,False,156
invoices/FACTU2018080044.jpg,FACTU2018080044.jpg,image/jpeg,1,train,False,109
invoices/FACTU2018080045.jpg,FACTU2018080045.jpg,image/jpeg,1,train,False,66
invoices/FACTU2018080050.jpg,FACTU2018080050.jpg,image/jpeg,1,train,False,50
invoices/FACTU2018080051.jpg,FACTU2018080051.jpg,image/jpeg,1,train,False,86
invoices/FACTU2018080057.jpg,FACTU2018080057.jpg,image/jpeg,1,train,False,165
invoices/FACTU2018080058.jpg,FACTU2018080058.jpg,image/jpeg,1,test,False,97
invoices/FACTU2018080059.jpg,FACTU2018080059.jpg,image/jpeg,1,test,False,136
invoices/FACTU2018080060.jpg,FACTU2018080060.jpg,image/jpeg,1,train,False,111
invoices/FACTU2018090035.jpg,FACTU2018090035.jpg,image/jpeg,1,train,False,58
invoices/FACTU2018090037.jpg,FACTU2018090037.jpg,image/jpeg,1,train,False,161
invoices/FACTU2018090038.jpg,FACTU2018090038.jpg,image/jpeg,1,train,False,132
invoices/FACTU2018090041.jpg,FACTU2018090041.jpg,image/jpeg,1,train,False,76
invoices/FACTU2018090042.jpg,FACTU2018090042.jpg,image/jpeg,1,train,False,163
invoices/FACTU2018090043.jpg,FACTU2018090043.jpg,image/jpeg,1,train,False,117
invoices/FACTU2018090044.jpg,FACTU2018090044.jpg,image/jpeg,1,test,False,84
invoices/FACTU2018090045.jpg,FACTU2018090045.jpg,image/jpeg,1,train,False,112
invoices/FACTU2018100051.jpg,FACTU2018100051.jpg,image/jpeg,1,train,False,89
invoices/FACTU2018100052.jpg,FACTU2018100052.jpg,image/jpeg,1,train,False,98
invoices/FACTU2018100053.jpg,FACTU2018100053.jpg,image/jpeg,1,train,False,139
invoices/FACTU2018100054.jpg,FACTU2018100054.jpg,image/jpeg,1,train,False,71
invoices/FACTU2018100055.jpg,FACTU2018100055.jpg,image/jpeg,1,train,False,105
invoices/FACTU2018100057.jpg,FACTU2018100057.jpg,image/jpeg,1,train,False,147
invoices/FACTU2018100062.jpg,FACTU2018100062.jpg,image/jpeg,1,test,False,126
invoices/FACTU2018100063.jpg,FACTU2018100063.jpg,image/jpeg,1,test,False,149
invoices/FACTU2018100064.jpg,FACTU2018100064.jpg,image/jpeg,1,train,False,135
invoices/FACTU2018100065.jpg,FACTU2018100065.jpg,image/jpeg,1,train,False,105
invoices/FACTU2018100066.jpg,FACTU2018100066.jpg,image/jpeg,1,test,False,93
invoices/FACTU2018100067.jpg,FACTU2018100067.jpg,image/jpeg,1,test,False,145
invoices/FACTU2018110040.jpg,FACTU2018110040.jpg,image/jpeg,1,train,False,101
invoices/FACTU2018110041.jpg,FACTU2018110041.jpg,image/jpeg,1,test,False,76
invoices/FACTU2018110044.jpg,FACTU2018110044.jpg,image/jpeg,1,test,False,188
invoices/FACTU2018110045.jpg,FACTU2018110045.jpg,image/jpeg,1,test,False,201
invoices/FACTU2018110046.jpg,FACTU2018110046.jpg,image/jpeg,1,train,False,173
invoices/FACTU2018110049.jpg,FACTU2018110049.jpg,image/jpeg,1,train,False,52
invoices/FACTU2018110050.jpg,FACTU2018110050.jpg,image/jpeg,1,train,False,67
invoices/FACTU2018110051.jpg,FACTU2018110051.jpg,image/jpeg,1,train,False,74
invoices/FACTU2018110053.jpg,FACTU2018110053.jpg,image/jpeg,1,test,False,99
invoices/FACTU2018110054.jpg,FACTU2018110054.jpg,image/jpeg,1,train,False,156
invoices/FACTU2018110055.jpg,FACTU2018110055.jpg,image/jpeg,1,train,False,109
invoices/FACTU2018110056.jpg,FACTU2018110056.jpg,image/jpeg,1,train,False,141
invoices/FACTU2018120041.jpg,FACTU2018120041.jpg,image/jpeg,1,train,False,100
invoices/FACTU2018120042.jpg,FACTU2018120042.jpg,image/jpeg,1,test,False,179
invoices/FACTU2018120044.jpg,FACTU2018120044.jpg,image/jpeg,1,train,False,96
invoices/FACTU2018120045.jpg,FACTU2018120045.jpg,image/jpeg,1,train,False,77
invoices/FACTU2018120047.jpg,FACTU2018120047.jpg,image/jpeg,1,train,False,141
invoices/FACTU2018120048.jpg,FACTU2018120048.jpg,image/jpeg,1,train,False,90
invoices/FACTU2018120049.jpg,FACTU2018120049.jpg,image/jpeg,1,test,False,116
invoices/FACTU2019010030.jpg,FACTU2019010030.jpg,image/jpeg,1,test,False,130
invoices/FACTU2019010031.jpg,FACTU2019010031.jpg,image/jpeg,1,train,False,118
invoices/FACTU2019010032.jpg,FACTU2019010032.jpg,image/jpeg,1,test,False,136
invoices/FACTU2019010033.jpg,FACTU2019010033.jpg,image/jpeg,1,train,False,114
invoices/FACTU2019010034.jpg,FACTU2019010034.jpg,image/jpeg,1,train,False,108
invoices/FACTU2019010035.jpg,FACTU2019010035.jpg,image/jpeg,1,train,False,88
invoices/FACTU2019010036.jpg,FACTU2019010036.jpg,image/jpeg,1,train,False,122
invoices/FACTU2019010037.jpg,FACTU2019010037.jpg,image/jpeg,1,train,False,177
invoices/FACTU2019010038.jpg,FACTU2019010038.jpg,image/jpeg,1,test,False,71
invoices/FACTU2019010039.jpg,FACTU2019010039.jpg,image/jpeg,1,train,False,55
invoices/FACTU2019010043.jpg,FACTU2019010043.jpg,image/jpeg,1,train,False,90
invoices/FACTU2019010044.jpg,FACTU2019010044.jpg,image/jpeg,1,train,False,103
invoices/FACTU2019010045.jpg,FACTU2019010045.jpg,image/jpeg,1,train,False,146
invoices/FACTU2019010046.jpg,FACTU2019010046.jpg,image/jpeg,1,train,False,157
invoices/FACTU2019010047.jpg,FACTU2019010047.jpg,image/jpeg,1,test,False,91
invoices/FACTU2019010048.jpg,FACTU2019010048.jpg,image/jpeg,1,train,False,113
invoices/FACTU2019010049.jpg,FACTU2019010049.jpg,image/jpeg,1,train,False,164
invoices/FACTU2019010050.jpg,FACTU2019010050.jpg,image/jpeg,1,train,False,125
invoices/FACTU2019010051.jpg,FACTU2019010051.jpg,image/jpeg,1,train,False,147
invoices/FACTU2019010052.jpg,FACTU2019010052.jpg,image/jpeg,1,train,False,119
invoices/FACTU2019010053.jpg,FACTU2019010053.jpg,image/jpeg,1,train,False,128
invoices/FACTU2019010054.jpg,FACTU2019010054.jpg,image/jpeg,1,train,False,124
invoices/FACTU2019020047.jpg,FACTU2019020047.jpg,image/jpeg,1,train,False,97
invoices/FACTU2019020048.jpg,FACTU2019020048.jpg,image/jpeg,1,train,False,70
invoices/FACTU2019020049.jpg,FACTU2019020049.jpg,image/jpeg,1,train,False,178
invoices/FACTU2019020050.jpg,FACTU2019020050.jpg,image/jpeg,1,train,False,154
invoices/FACTU2019020051.jpg,FACTU2019020051.jpg,image/jpeg,1,train,False,142
invoices/FACTU2019020054.jpg,FACTU2019020054.jpg,image/jpeg,1,train,False,131
invoices/FACTU2019020055.jpg,FACTU2019020055.jpg,image/jpeg,1,test,False,138
invoices/FACTU2019020056.jpg,FACTU2019020056.jpg,image/jpeg,1,train,False,134
invoices/FACTU2019020057.jpg,FACTU2019020057.jpg,image/jpeg,1,train,False,157
invoices/FACTU2019020058.jpg,FACTU2019020058.jpg,image/jpeg,1,test,False,121
invoices/FACTU2019020059.jpg,FACTU2019020059.jpg,image/jpeg,1,train,False,121
invoices/FACTU2019030047.jpg,FACTU2019030047.jpg,image/jpeg,1,train,False,130
invoices/FACTU2019030048.jpg,FACTU2019030048.jpg,image/jpeg,1,train,False,78
invoices/FACTU2019030049.jpg,FACTU2019030049.jpg,image/jpeg,1,train,False,149
invoices/FACTU2019030050.jpg,FACTU2019030050.jpg,image/jpeg,1,train,False,120
invoices/FACTU2019030051.jpg,FACTU2019030051.jpg,image/jpeg,1,train,False,197
invoices/FACTU2019030052.jpg,FACTU2019030052.jpg,image/jpeg,1,train,False,153
invoices/FACTU2019030054.jpg,FACTU2019030054.jpg,image/jpeg,1,test,False,36
invoices/FACTU2019030055.jpg,FACTU2019030055.jpg,image/jpeg,1,train,False,47
invoices/FACTU2019030056.jpg,FACTU2019030056.jpg,image/jpeg,1,train,False,87
invoices/FACTU2019030057.jpg,FACTU2019030057.jpg,image/jpeg,1,train,False,74
invoices/FACTU2019030060.jpg,FACTU2019030060.jpg,image/jpeg,1,train,False,112
invoices/FACTU2019030061.jpg,FACTU2019030061.jpg,image/jpeg,1,train,False,77
invoices/FACTU2019030062.jpg,FACTU2019030062.jpg,image/jpeg,1,train,False,138
invoices/FACTU2019030063.jpg,FACTU2019030063.jpg,image/jpeg,1,train,False,119
invoices/FACTU2019040047.jpg,FACTU2019040047.jpg,image/jpeg,1,test,False,86
invoices/FACTU2019040048.jpg,FACTU2019040048.jpg,image/jpeg,1,test,False,123
invoices/FACTU2019040049.jpg,FACTU2019040049.jpg,image/jpeg,1,train,False,74
invoices/FACTU2019040050.jpg,FACTU2019040050.jpg,image/jpeg,1,train,False,104
invoices/FACTU2019040051.jpg,FACTU2019040051.jpg,image/jpeg,1,train,False,94
invoices/FACTU2019040052.jpg,FACTU2019040052.jpg,image/jpeg,1,test,False,171
invoices/FACTU2019040057.jpg,FACTU2019040057.jpg,image/jpeg,1,train,False,115
invoices/FACTU2019040058.jpg,FACTU2019040058.jpg,image/jpeg,1,train,False,144
invoices/FACTU2019040059.jpg,FACTU2019040059.jpg,image/jpeg,1,train,False,125
invoices/FACTU2019040060.jpg,FACTU2019040060.jpg,image/jpeg,1,train,False,75
invoices/FACTU2019050039.jpg,FACTU2019050039.jpg,image/jpeg,1,train,False,135
invoices/FACTU2019050040.jpg,FACTU2019050040.jpg,image/jpeg,1,train,False,106
invoices/FACTU2019050041.jpg,FACTU2019050041.jpg,image/jpeg,1,train,False,123
invoices/FACTU2019050042.jpg,FACTU2019050042.jpg,image/jpeg,1,test,False,133
invoices/FACTU2019050043.jpg,FACTU2019050043.jpg,image/jpeg,1,train,False,87
invoices/FACTU2019050044.jpg,FACTU2019050044.jpg,image/jpeg,1,train,False,180
invoices/FACTU2019050045.jpg,FACTU2019050045.jpg,image/jpeg,1,train,False,142
invoices/FACTU2019050046.jpg,FACTU2019050046.jpg,image/jpeg,1,train,False,191
invoices/FACTU2019050052.jpg,FACTU2019050052.jpg,image/jpeg,1,train,False,78
invoices/FACTU2019050053.jpg,FACTU2019050053.jpg,image/jpeg,1,train,False,123
invoices/FACTU2019050054.jpg,FACTU2019050054.jpg,image/jpeg,1,train,False,84
invoices/FACTU2019050055.jpg,FACTU2019050055.jpg,image/jpeg,1,train,False,153
invoices/FACTU2019050056.jpg,FACTU2019050056.jpg,image/jpeg,1,train,False,123
invoices/FACTU2019050057.jpg,FACTU2019050057.jpg,image/jpeg,1,train,False,123
invoices/FACTU2019050058.jpg,FACTU2019050058.jpg,image/jpeg,1,test,False,122
invoices/FACTU2019050059.jpg,FACTU2019050059.jpg,image/jpeg,1,train,False,169
invoices/FACTU2019060047.jpg,FACTU2019060047.jpg,image/jpeg,1,train,False,79
invoices/FACTU2019060049.jpg,FACTU2019060049.jpg,image/jpeg,1,train,False,205
invoices/FACTU2019060050.jpg,FACTU2019060050.jpg,image/jpeg,1,train,False,194
invoices/FACTU2019060060.jpg,FACTU2019060060.jpg,image/jpeg,1,train,False,157
invoices/FACTU2019060061.jpg,FACTU2019060061.jpg,image/jpeg,1,train,False,152
invoices/FACTU2019070053.jpg,FACTU2019070053.jpg,image/jpeg,1,train,False,115
invoices/FACTU2019070055.jpg,FACTU2019070055.jpg,image/jpeg,1,test,False,78
invoices/FACTU2019070060.jpg,FACTU2019070060.jpg,image/jpeg,1,train,False,118
invoices/FACTU2019070061.jpg,FACTU2019070061.jpg,image/jpeg,1,train,False,148
invoices/FACTU2019070062.jpg,FACTU2019070062.jpg,image/jpeg,1,train,False,89
invoices/FACTU2019070063.jpg,FACTU2019070063.jpg,image/jpeg,1,train,False,124
invoices/FACTU2019070064.jpg,FACTU2019070064.jpg,image/jpeg,1,train,False,85
invoices/FACTU2019070065.jpg,FACTU2019070065.jpg,image/jpeg,1,test,False,115
invoices/FACTU2019080044.jpg,FACTU2019080044.jpg,image/jpeg,1,train,False,151
invoices/FACTU2019080047.jpg,FACTU2019080047.jpg,image/jpeg,1,train,False,72
invoices/FACTU2019080049.jpg,FACTU2019080049.jpg,image/jpeg,1,test,False,148
invoices/FACTU2019080050.jpg,FACTU2019080050.jpg,image/jpeg,1,train,False,113
invoices/FACTU2019080051.jpg,FACTU2019080051.jpg,image/jpeg,1,test,False,132
invoices/FACTU2019080052.jpg,FACTU2019080052.jpg,image/jpeg,1,test,False,117
invoices/FACTU2019080053.jpg,FACTU2019080053.jpg,image/jpeg,1,train,False,113
invoices/FACTU2019080054.jpg,FACTU2019080054.jpg,image/jpeg,1,train,False,161
invoices/FACTU2019080055.jpg,FACTU2019080055.jpg,image/jpeg,1,train,False,95
invoices/FACTU2019080056.jpg,FACTU2019080056.jpg,image/jpeg,1,test,False,132
invoices/FACTU2019090045.jpg,FACTU2019090045.jpg,image/jpeg,1,test,False,106
invoices/FACTU2019090046.jpg,FACTU2019090046.jpg,image/jpeg,1,train,False,60
invoices/FACTU2019090047.jpg,FACTU2019090047.jpg,image/jpeg,1,train,False,199
invoices/FACTU2019090048.jpg,FACTU2019090048.jpg,image/jpeg,1,train,False,149
invoices/FACTU2019090051.jpg,FACTU2019090051.jpg,image/jpeg,1,test,False,44
invoices/FACTU2019090054.jpg,FACTU2019090054.jpg,image/jpeg,1,train,False,136
invoices/FACTU2019090055.jpg,FACTU2019090055.jpg,image/jpeg,1,train,False,135
invoices/FACTU2019090056.jpg,FACTU2019090056.jpg,image/jpeg,1,train,False,138
invoices/FACTU2019090057.jpg,FACTU2019090057.jpg,image/jpeg,1,train,False,90
invoices/FACTU2019090058.jpg,FACTU2019090058.jpg,image/jpeg,1,train,False,72
invoices/FACTU2019090059.jpg,FACTU2019090059.jpg,image/jpeg,1,train,False,72
invoices/FACTU2019100043.jpg,FACTU2019100043.jpg,image/jpeg,1,train,False,134
invoices/FACTU2019100044.jpg,FACTU2019100044.jpg,image/jpeg,1,train,False,92
invoices/FACTU2019100045.jpg,FACTU2019100045.jpg,image/jpeg,1,test,False,98
invoices/FACTU2019100046.jpg,FACTU2019100046.jpg,image/jpeg,1,train,False,134
invoices/FACTU2019100047.jpg,FACTU2019100047.jpg,image/jpeg,1,train,False,138
invoices/FACTU2019100049.jpg,FACTU2019100049.jpg,image/jpeg,1,train,False,203
invoices/FACTU2019100050.jpg,FACTU2019100050.jpg,image/jpeg,1,train,False,34
invoices/FACTU2019100051.jpg,FACTU2019100051.jpg,image/jpeg,1,train,False,45
invoices/FACTU2019100053.jpg,FACTU2019100053.jpg,image/jpeg,1,train,False,143
invoices/FACTU2019100054.jpg,FACTU2019100054.jpg,image/jpeg,1,train,False,160
invoices/FACTU2019100055.jpg,FACTU2019100055.jpg,image/jpeg,1,test,False,101
invoices/FACTU2019100056.jpg,FACTU2019100056.jpg,image/jpeg,1,train,False,170
invoices/FACTU2019100057.jpg,FACTU2019100057.jpg,image/jpeg,1,train,False,91
invoices/FACTU2019100058.jpg,FACTU2019100058.jpg,image/jpeg,1,train,False,80
invoices/FACTU2019110040.jpg,FACTU2019110040.jpg,image/jpeg,1,test,False,112
invoices/FACTU2019110043.jpg,FACTU2019110043.jpg,image/jpeg,1,train,False,191
invoices/FACTU2019110044.jpg,FACTU2019110044.jpg,image/jpeg,1,train,False,82
invoices/FACTU2019110045.jpg,FACTU2019110045.jpg,image/jpeg,1,train,False,37
invoices/FACTU2019110048.jpg,FACTU2019110048.jpg,image/jpeg,1,train,False,89
invoices/FACTU2019110049.jpg,FACTU2019110049.jpg,image/jpeg,1,train,False,142
invoices/FACTU2019110050.jpg,FACTU2019110050.jpg,image/jpeg,1,train,False,82
invoices/FACTU2019110051.jpg,FACTU2019110051.jpg,image/jpeg,1,train,False,146
invoices/FACTU2019110052.jpg,FACTU2019110052.jpg,image/jpeg,1,train,False,122
invoices/FACTU2019110053.jpg,FACTU2019110053.jpg,image/jpeg,1,train,False,140
invoices/FACTU2019120036.jpg,FACTU2019120036.jpg,image/jpeg,1,test,False,74
invoices/FACTU2019120037.jpg,FACTU2019120037.jpg,image/jpeg,1,train,False,70
invoices/FACTU2019120040.jpg,FACTU2019120040.jpg,image/jpeg,1,train,False,178
invoices/FACTU2019120042.jpg,FACTU2019120042.jpg,image/jpeg,1,train,False,54
invoices/FACTU2019120044.jpg,FACTU2019120044.jpg,image/jpeg,1,train,False,107
invoices/FACTU2019120045.jpg,FACTU2019120045.jpg,image/jpeg,1,test,False,127
invoices/FACTU2019120046.jpg,FACTU2019120046.jpg,image/jpeg,1,train,False,163
invoices/FACTU2019120047.jpg,FACTU2019120047.jpg,image/jpeg,1,train,False,128
invoices/FACTU2019120048.jpg,FACTU2019120048.jpg,image/jpeg,1,train,False,105
invoices/FACTU2019120049.jpg,FACTU2019120049.jpg,image/jpeg,1,test,False,139
invoices/FACTU2019120050.jpg,FACTU2019120050.jpg,image/jpeg,1,test,False,129
invoices/FACTU2019120051.jpg,FACTU2019120051.jpg,image/jpeg,1,test,False,107
invoices/FACTU2019120052.jpg,FACTU2019120052.jpg,image/jpeg,1,test,False,130
invoices/FACTU2020010042.jpg,FACTU2020010042.jpg,image/jpeg,1,train,False,96
invoices/FACTU2020010043.jpg,FACTU2020010043.jpg,image/jpeg,1,train,False,142
invoices/FACTU2020010044.jpg,FACTU2020010044.jpg,image/jpeg,1,test,False,129
invoices/FACTU2020010045.jpg,FACTU2020010045.jpg,image/jpeg,1,test,False,144
invoices/FACTU2020010046.jpg,FACTU2020010046.jpg,image/jpeg,1,train,False,168
invoices/FACTU2020010047.jpg,FACTU2020010047.jpg,image/jpeg,1,train,False,143
invoices/FACTU2020010051.jpg,FACTU2020010051.jpg,image/jpeg,1,train,False,116
invoices/FACTU2020010052.jpg,FACTU2020010052.jpg,image/jpeg,1,train,False,152
invoices/FACTU2020010053.jpg,FACTU2020010053.jpg,image/jpeg,1,train,False,86
invoices/FACTU2020020053.jpg,FACTU2020020053.jpg,image/jpeg,1,train,False,131
invoices/FACTU2020020054.jpg,FACTU2020020054.jpg,image/jpeg,1,train,False,120
invoices/FACTU2020020055.jpg,FACTU2020020055.jpg,image/jpeg,1,train,False,102
invoices/FACTU2020020061.jpg,FACTU2020020061.jpg,image/jpeg,1,train,False,68
invoices/FACTU2020020062.jpg,FACTU2020020062.jpg,image/jpeg,1,train,False,76
invoices/FACTU2020020063.jpg,FACTU2020020063.jpg,image/jpeg,1,test,False,77
invoices/FACTU2020020068.jpg,FACTU2020020068.jpg,image/jpeg,1,test,False,114
invoices/FACTU2020020069.jpg,FACTU2020020069.jpg,image/jpeg,1,train,False,81
invoices/FACTU2020020070.jpg,FACTU2020020070.jpg,image/jpeg,1,train,False,112
invoices/FACTU2020020071.jpg,FACTU2020020071.jpg,image/jpeg,1,train,False,124
invoices/FACTU2020020072.jpg,FACTU2020020072.jpg,image/jpeg,1,train,False,83
invoices/FACTU2020020073.jpg,FACTU2020020073.jpg,image/jpeg,1,train,False,65
invoices/FACTU2020020074.jpg,FACTU2020020074.jpg,image/jpeg,1,train,False,118
invoices/FACTU2020020075.jpg,FACTU2020020075.jpg,image/jpeg,1,train,False,163
invoices/FACTU2020020076.jpg,FACTU2020020076.jpg,image/jpeg,1,train,False,126
invoices/FACTU2020030049.jpg,FACTU2020030049.jpg,image/jpeg,1,train,False,143
invoices/FACTU2020030050.jpg,FACTU2020030050.jpg,image/jpeg,1,train,False,51
invoices/FACTU2020030051.jpg,FACTU2020030051.jpg,image/jpeg,1,train,False,64
invoices/FACTU2020030055.jpg,FACTU2020030055.jpg,image/jpeg,1,train,False,75
invoices/FACTU2020030059.jpg,FACTU2020030059.jpg,image/jpeg,1,test,False,157
invoices/FACTU2020030060.jpg,FACTU2020030060.jpg,image/jpeg,1,test,False,156
invoices/FACTU2020030061.jpg,FACTU2020030061.jpg,image/jpeg,1,test,False,97
invoices/FACTU2020030062.jpg,FACTU2020030062.jpg,image/jpeg,1,train,False,151
invoices/FACTU2020040039.jpg,FACTU2020040039.jpg,image/jpeg,1,test,False,92
invoices/FACTU2020040040.jpg,FACTU2020040040.jpg,image/jpeg,1,train,False,141
invoices/FACTU2020040042.jpg,FACTU2020040042.jpg,image/jpeg,1,test,False,97
invoices/FACTU2020040043.jpg,FACTU2020040043.jpg,image/jpeg,1,train,False,110
invoices/FACTU2020040045.jpg,FACTU2020040045.jpg,image/jpeg,1,train,False,144
invoices/FACTU2020040046.jpg,FACTU2020040046.jpg,image/jpeg,1,train,False,202
invoices/FACTU2020040048.jpg,FACTU2020040048.jpg,image/jpeg,1,test,False,61
invoices/FACTU2020040052.jpg,FACTU2020040052.jpg,image/jpeg,1,train,False,101
invoices/FACTU2020040053.jpg,FACTU2020040053.jpg,image/jpeg,1,train,False,111
invoices/FACTU2020040054.jpg,FACTU2020040054.jpg,image/jpeg,1,train,False,138
invoices/FACTU2020040055.jpg,FACTU2020040055.jpg,image/jpeg,1,train,False,98
invoices/FACTU2020040056.jpg,FACTU2020040056.jpg,image/jpeg,1,train,False,107
invoices/FACTU2020040057.jpg,FACTU2020040057.jpg,image/jpeg,1,train,False,129
invoices/FACTU2020050046.jpg,FACTU2020050046.jpg,image/jpeg,1,train,False,148
invoices/FACTU2020050047.jpg,FACTU2020050047.jpg,image/jpeg,1,train,False,61
invoices/FACTU2020050048.jpg,FACTU2020050048.jpg,image/jpeg,1,train,False,116
invoices/FACTU2020050049.jpg,FACTU2020050049.jpg,image/jpeg,1,train,False,120
invoices/FACTU2020050050.jpg,FACTU2020050050.jpg,image/jpeg,1,train,False,144
invoices/FACTU2020050051.jpg,FACTU2020050051.jpg,image/jpeg,1,train,False,72
invoices/FACTU2020050053.jpg,FACTU2020050053.jpg,image/jpeg,1,train,False,199
invoices/FACTU2020050059.jpg,FACTU2020050059.jpg,image/jpeg,1,train,False,159
invoices/FACTU2020050060.jpg,FACTU2020050060.jpg,image/jpeg,1,test,False,127
invoices/FACTU2020050061.jpg,FACTU2020050061.jpg,image/jpeg,1,train,False,122
invoices/FACTU2020060046.jpg,FACTU2020060046.jpg,image/jpeg,1,train,False,43
invoices/FACTU2020060047.jpg,FACTU2020060047.jpg,image/jpeg,1,train,False,131
invoices/FACTU2020060048.jpg,FACTU2020060048.jpg,image/jpeg,1,test,False,79
invoices/FACTU2020060051.jpg,FACTU2020060051.jpg,image/jpeg,1,train,False,170
invoices/FACTU2020060052.jpg,FACTU2020060052.jpg,image/jpeg,1,train,False,161
invoices/FACTU2020060061.jpg,FACTU2020060061.jpg,image/jpeg,1,train,False,143
invoices/FACTU2020060062.jpg,FACTU2020060062.jpg,image/jpeg,1,train,False,157
invoices/FACTU2020060063.jpg,FACTU2020060063.jpg,image/jpeg,1,train,False,116
invoices/FACTU2020060064.jpg,FACTU2020060064.jpg,image/jpeg,1,train,False,70
invoices/FACTU2020060065.jpg,FACTU2020060065.jpg,image/jpeg,1,train,False,103
invoices/FACTU2020060066.jpg,FACTU2020060066.jpg,image/jpeg,1,train,False,120
invoices/FACTU2020060067.jpg,FACTU2020060067.jpg,image/jpeg,1,test,False,117
invoices/FACTU2020070051.jpg,FACTU2020070051.jpg,image/jpeg,1,train,False,112
invoices/FACTU2020070052.jpg,FACTU2020070052.jpg,image/jpeg,1,test,False,96
invoices/FACTU2020070054.jpg,FACTU2020070054.jpg,image/jpeg,1,train,False,165
invoices/FACTU2020070055.jpg,FACTU2020070055.jpg,image/jpeg,1,train,False,90
invoices/FACTU2020070057.jpg,FACTU2020070057.jpg,image/jpeg,1,train,False,150
invoices/FACTU2020070058.jpg,FACTU2020070058.jpg,image/jpeg,1,test,False,116
invoices/FACTU2020070059.jpg,FACTU2020070059.jpg,image/jpeg,1,train,False,133
invoices/FACTU2020070060.jpg,FACTU2020070060.jpg,image/jpeg,1,test,False,92
invoices/FACTU2020070061.jpg,FACTU2020070061.jpg,image/jpeg,1,test,False,155
invoices/FACTU2020070062.jpg,FACTU2020070062.jpg,image/jpeg,1,train,False,129
invoices/FACTU2020080041.jpg,FACTU2020080041.jpg,image/jpeg,1,train,False,67
invoices/FACTU2020080042.jpg,FACTU2020080042.jpg,image/jpeg,1,test,False,99
invoices/FACTU2020080043.jpg,FACTU2020080043.jpg,image/jpeg,1,train,False,128
invoices/FACTU2020080045.jpg,FACTU2020080045.jpg,image/jpeg,1,train,False,71
invoices/FACTU2020080049.jpg,FACTU2020080049.jpg,image/jpeg,1,train,False,141
invoices/FACTU2020080050.jpg,FACTU2020080050.jpg,image/jpeg,1,train,False,117
invoices/FACTU2020080051.jpg,FACTU2020080051.jpg,image/jpeg,1,train,False,143
invoices/FACTU2020080052.jpg,FACTU2020080052.jpg,image/jpeg,1,train,False,109
invoices/FACTU2020090042.jpg,FACTU2020090042.jpg,image/jpeg,1,train,False,156
invoices/FACTU2020090043.jpg,FACTU2020090043.jpg,image/jpeg,1,train,False,75
invoices/FACTU2020090044.jpg,FACTU2020090044.jpg,image/jpeg,1,train,False,131
invoices/FACTU2020090045.jpg,FACTU2020090045.jpg,image/jpeg,1,train,False,60
invoices/FACTU2020090046.jpg,FACTU2020090046.jpg,image/jpeg,1,train,False,129
invoices/FACTU2020090047.jpg,FACTU2020090047.jpg,image/jpeg,1,test,False,178
invoices/FACTU2020090052.jpg,FACTU2020090052.jpg,image/jpeg,1,train,False,81
invoices/FACTU2020090059.jpg,FACTU2020090059.jpg,image/jpeg,1,train,False,155
invoices/FACTU2020090060.jpg,FACTU2020090060.jpg,image/jpeg,1,test,False,80
invoices/FACTU2020090061.jpg,FACTU2020090061.jpg,image/jpeg,1,train,False,144
invoices/FACTU2020090062.jpg,FACTU2020090062.jpg,image/jpeg,1,train,False,79
invoices/FACTU2020100048.jpg,FACTU2020100048.jpg,image/jpeg,1,train,False,91
invoices/FACTU2020100049.jpg,FACTU2020100049.jpg,image/jpeg,1,train,False,121
invoices/FACTU2020100051.jpg,FACTU2020100051.jpg,image/jpeg,1,test,False,201
invoices/FACTU2020100052.jpg,FACTU2020100052.jpg,image/jpeg,1,train,False,201
invoices/FACTU2020100056.jpg,FACTU2020100056.jpg,image/jpeg,1,test,False,76
invoices/FACTU2020100057.jpg,FACTU2020100057.jpg,image/jpeg,1,train,False,79
invoices/FACTU2020100058.jpg,FACTU2020100058.jpg,image/jpeg,1,train,False,53
invoices/FACTU2020100062.jpg,FACTU2020100062.jpg,image/jpeg,1,train,False,97
invoices/FACTU2020100063.jpg,FACTU2020100063.jpg,image/jpeg,1,train,False,98
invoices/FACTU2020100064.jpg,FACTU2020100064.jpg,image/jpeg,1,train,False,171
invoices/FACTU2020100065.jpg,FACTU2020100065.jpg,image/jpeg,1,train,False,86
invoices/FACTU2020110045.jpg,FACTU2020110045.jpg,image/jpeg,1,train,False,60
invoices/FACTU2020110046.jpg,FACTU2020110046.jpg,image/jpeg,1,test,False,194
invoices/FACTU2020110051.jpg,FACTU2020110051.jpg,image/jpeg,1,train,False,111
invoices/FACTU2020110052.jpg,FACTU2020110052.jpg,image/jpeg,1,train,False,98
invoices/FACTU2020110053.jpg,FACTU2020110053.jpg,image/jpeg,1,train,False,102
invoices/FACTU2020110054.jpg,FACTU2020110054.jpg,image/jpeg,1,train,False,120
invoices/FACTU2020110055.jpg,FACTU2020110055.jpg,image/jpeg,1,train,False,104
invoices/FACTU2020110056.jpg,FACTU2020110056.jpg,image/jpeg,1,train,False,128
invoices/FACTU2020110057.jpg,FACTU2020110057.jpg,image/jpeg,1,test,False,74
invoices/FACTU2020110058.jpg,FACTU2020110058.jpg,image/jpeg,1,test,False,94
invoices/FACTU2020110059.jpg,FACTU2020110059.jpg,image/jpeg,1,train,False,164
invoices/FACTU2020120040.jpg,FACTU2020120040.jpg,image/jpeg,1,train,False,101
invoices/FACTU2020120041.jpg,FACTU2020120041.jpg,image/jpeg,1,test,False,139
invoices/FACTU2020120042.jpg,FACTU2020120042.jpg,image/jpeg,1,train,False,68
invoices/FACTU2020120043.jpg,FACTU2020120043.jpg,image/jpeg,1,train,False,100
invoices/FACTU2020120049.jpg,FACTU2020120049.jpg,image/jpeg,1,train,False,84
invoices/FACTU2020120050.jpg,FACTU2020120050.jpg,image/jpeg,1,test,False,128
invoices/FACTU2020120051.jpg,FACTU2020120051.jpg,image/jpeg,1,train,False,97
invoices/FACTU2020120052.jpg,FACTU2020120052.jpg,image/jpeg,1,train,False,139
invoices/FACTU2020120053.jpg,FACTU2020120053.jpg,image/jpeg,1,train,False,126
invoices/FACTU2020120054.jpg,FACTU2020120054.jpg,image/jpeg,1,train,False,88
invoices/FACTU2020120055.jpg,FACTU2020120055.jpg,image/jpeg,1,train,False,163
invoices/FACTU2020120056.jpg,FACTU2020120056.jpg,image/jpeg,1,train,False,146
invoices/FACTU2021010044.jpg,FACTU2021010044.jpg,image/jpeg,1,train,False,63
invoices/FACTU2021010045.jpg,FACTU2021010045.jpg,image/jpeg,1,test,False,170
invoices/FACTU2021010051.jpg,FACTU2021010051.jpg,image/jpeg,1,train,False,75
invoices/FACTU2021010052.jpg,FACTU2021010052.jpg,image/jpeg,1,train,False,75
invoices/FACTU2021010055.jpg,FACTU2021010055.jpg,image/jpeg,1,test,False,141
invoices/FACTU2021010056.jpg,FACTU2021010056.jpg,image/jpeg,1,test,False,130
invoices/FACTU2021010057.jpg,FACTU2021010057.jpg,image/jpeg,1,train,False,86
invoices/FACTU2021010058.jpg,FACTU2021010058.jpg,image/jpeg,1,test,False,146
invoices/FACTU2021010059.jpg,FACTU2021010059.jpg,image/jpeg,1,train,False,166
invoices/FACTU2021010060.jpg,FACTU2021010060.jpg,image/jpeg,1,train,False,142
invoices/FACTU2021010061.jpg,FACTU2021010061.jpg,image/jpeg,1,train,False,137
invoices/FACTU2021010062.jpg,FACTU2021010062.jpg,image/jpeg,1,train,False,100
invoices/FACTU2021010063.jpg,FACTU2021010063.jpg,image/jpeg,1,train,False,131
invoices/FACTU2021020037.jpg,FACTU2021020037.jpg,image/jpeg,1,train,False,112
invoices/FACTU2021020038.jpg,FACTU2021020038.jpg,image/jpeg,1,train,False,79
invoices/FACTU2021020039.jpg,FACTU2021020039.jpg,image/jpeg,1,train,False,82
invoices/FACTU2021020044.jpg,FACTU2021020044.jpg,image/jpeg,1,test,False,55
invoices/FACTU2021020048.jpg,FACTU2021020048.jpg,image/jpeg,1,test,False,135
invoices/FACTU2021020049.jpg,FACTU2021020049.jpg,image/jpeg,1,train,False,167
invoices/FACTU2021020050.jpg,FACTU2021020050.jpg,image/jpeg,1,train,False,157
invoices/FACTU2021020051.jpg,FACTU2021020051.jpg,image/jpeg,1,train,False,166
invoices/FACTU2021020052.jpg,FACTU2021020052.jpg,image/jpeg,1,train,False,106
invoices/FACTU2021020053.jpg,FACTU2021020053.jpg,image/jpeg,1,train,False,129
invoices/FACTU2021020054.jpg,FACTU2021020054.jpg,image/jpeg,1,test,False,96
invoices/FACTU2021030037.jpg,FACTU2021030037.jpg,image/jpeg,1,train,False,62
invoices/FACTU2021030038.jpg,FACTU2021030038.jpg,image/jpeg,1,train,False,128
invoices/FACTU2021030039.jpg,FACTU2021030039.jpg,image/jpeg,1,train,False,53
invoices/FACTU2021030041.jpg,FACTU2021030041.jpg,image/jpeg,1,train,False,149
invoices/FACTU2021030043.jpg,FACTU2021030043.jpg,image/jpeg,1,train,False,101
invoices/FACTU2021030045.jpg,FACTU2021030045.jpg,image/jpeg,1,test,False,159
invoices/FACTU2021030046.jpg,FACTU2021030046.jpg,image/jpeg,1,train,False,100
invoices/FACTU2021030047.jpg,FACTU2021030047.jpg,image/jpeg,1,train,False,114
invoices/FACTU2021040032.jpg,FACTU2021040032.jpg,image/jpeg,1,train,False,82
invoices/FACTU2021040034.jpg,FACTU2021040034.jpg,image/jpeg,1,train,False,189
invoices/FACTU2021040035.jpg,FACTU2021040035.jpg,image/jpeg,1,train,False,201
invoices/FACTU2021040037.jpg,FACTU2021040037.jpg,image/jpeg,1,test,False,91
invoices/FACTU2021040039.jpg,FACTU2021040039.jpg,image/jpeg,1,train,False,173
invoices/FACTU2021040040.jpg,FACTU2021040040.jpg,image/jpeg,1,train,False,65
invoices/FACTU2021040041.jpg,FACTU2021040041.jpg,image/jpeg,1,train,False,133
invoices/FACTU2021040042.jpg,FACTU2021040042.jpg,image/jpeg,1,train,False,127
invoices/FACTU2021050050.jpg,FACTU2021050050.jpg,image/jpeg,1,train,False,103
invoices/FACTU2021050051.jpg,FACTU2021050051.jpg,image/jpeg,1,train,False,63
invoices/FACTU2021050052.jpg,FACTU2021050052.jpg,image/jpeg,1,test,False,42
invoices/FACTU2021050054.jpg,FACTU2021050054.jpg,image/jpeg,1,train,False,177
invoices/FACTU2021050058.jpg,FACTU2021050058.jpg,image/jpeg,1,test,False,123
invoices/FACTU2021050059.jpg,FACTU2021050059.jpg,image/jpeg,1,train,False,103
invoices/FACTU2021050060.jpg,FACTU2021050060.jpg,image/jpeg,1,train,False,102
invoices/FACTU2021050061.jpg,FACTU2021050061.jpg,image/jpeg,1,train,False,84
invoices/FACTU2021050062.jpg,FACTU2021050062.jpg,image/jpeg,1,train,False,92
invoices/FACTU2021050063.jpg,FACTU2021050063.jpg,image/jpeg,1,test,False,94
invoices/FACTU2021050064.jpg,FACTU2021050064.jpg,image/jpeg,1,train,False,144
invoices/FACTU2021060041.jpg,FACTU2021060041.jpg,image/jpeg,1,test,False,143
invoices/FACTU2021060042.jpg,FACTU2021060042.jpg,image/jpeg,1,train,False,94
invoices/FACTU2021060043.jpg,FACTU2021060043.jpg,image/jpeg,1,train,False,99
invoices/FACTU2021060045.jpg,FACTU2021060045.jpg,image/jpeg,1,train,False,90
invoices/FACTU2021060046.jpg,FACTU2021060046.jpg,image/jpeg,1,train,False,54
invoices/FACTU2021060047.jpg,FACTU2021060047.jpg,image/jpeg,1,train,False,69
invoices/FACTU2021060048.jpg,FACTU2021060048.jpg,image/jpeg,1,train,False,122
invoices/FACTU2021060049.jpg,FACTU2021060049.jpg,image/jpeg,1,test,False,128
invoices/FACTU2021060050.jpg,FACTU2021060050.jpg,image/jpeg,1,train,False,143
invoices/FACTU2021060051.jpg,FACTU2021060051.jpg,image/jpeg,1,train,False,102
invoices/FACTU2021060052.jpg,FACTU2021060052.jpg,image/jpeg,1,test,False,126
invoices/FACTU2021070036.jpg,FACTU2021070036.jpg,image/jpeg,1,train,False,91
invoices/FACTU2021070038.jpg,FACTU2021070038.jpg,image/jpeg,1,train,False,212
invoices/FACTU2021070042.jpg,FACTU2021070042.jpg,image/jpeg,1,train,False,74
invoices/FACTU2021070049.jpg,FACTU2021070049.jpg,image/jpeg,1,train,False,113
invoices/FACTU2021070050.jpg,FACTU2021070050.jpg,image/jpeg,1,train,False,129
invoices/FACTU2021070051.jpg,FACTU2021070051.jpg,image/jpeg,1,train,False,117
invoices/FACTU2021070052.jpg,FACTU2021070052.jpg,image/jpeg,1,train,False,126
invoices/FACTU2021070053.jpg,FACTU2021070053.jpg,image/jpeg,1,train,False,160
invoices/FACTU2021080049.jpg,FACTU2021080049.jpg,image/jpeg,1,train,False,54
invoices/FACTU2021080051.jpg,FACTU2021080051.jpg,image/jpeg,1,train,False,89
invoices/FACTU2021080055.jpg,FACTU2021080055.jpg,image/jpeg,1,train,False,110
invoices/FACTU2021080056.jpg,FACTU2021080056.jpg,image/jpeg,1,test,False,163
invoices/FACTU2021080057.jpg,FACTU2021080057.jpg,image/jpeg,1,train,False,151
invoices/FACTU2021080058.jpg,FACTU2021080058.jpg,image/jpeg,1,train,False,135
invoices/FACTU2021090036.jpg,FACTU2021090036.jpg,image/jpeg,1,train,False,159
invoices/FACTU2021090044.jpg,FACTU2021090044.jpg,image/jpeg,1,test,False,117
invoices/FACTU2021090045.jpg,FACTU2021090045.jpg,image/jpeg,1,train,False,170
invoices/FACTU2021100051.jpg,FACTU2021100051.jpg,image/jpeg,1,train,False,70
invoices/FACTU2021100052.jpg,FACTU2021100052.jpg,image/jpeg,1,train,False,135
invoices/FACTU2021100058.jpg,FACTU2021100058.jpg,image/jpeg,1,test,False,148
invoices/FACTU2021100059.jpg,FACTU2021100059.jpg,image/jpeg,1,test,False,92
invoices/FACTU2021100060.jpg,FACTU2021100060.jpg,image/jpeg,1,train,False,126
invoices/FACTU2021110047.jpg,FACTU2021110047.jpg,image/jpeg,1,train,False,186
invoices/FACTU2021110048.jpg,FACTU2021110048.jpg,image/jpeg,1,train,False,186
invoices/FACTU2021110051.jpg,FACTU2021110051.jpg,image/jpeg,1,train,False,56
invoices/FACTU2021110052.jpg,FACTU2021110052.jpg,image/jpeg,1,train,False,74
invoices/FACTU2021110053.jpg,FACTU2021110053.jpg,image/jpeg,1,train,False,93
invoices/FACTU2021110055.jpg,FACTU2021110055.jpg,image/jpeg,1,train,False,147
invoices/FACTU2021110056.jpg,FACTU2021110056.jpg,image/jpeg,1,train,False,161
invoices/FACTU2021110057.jpg,FACTU2021110057.jpg,image/jpeg,1,train,False,113
invoices/FACTU2021110058.jpg,FACTU2021110058.jpg,image/jpeg,1,train,False,123
invoices/FACTU2021110059.jpg,FACTU2021110059.jpg,image/jpeg,1,train,False,85
invoices/FACTU2021120044.jpg,FACTU2021120044.jpg,image/jpeg,1,test,False,130
invoices/FACTU2021120049.jpg,FACTU2021120049.jpg,image/jpeg,1,train,False,61
invoices/FACTU2021120051.jpg,FACTU2021120051.jpg,image/jpeg,1,train,False,144
invoices/FACTU2021120052.jpg,FACTU2021120052.jpg,image/jpeg,1,train,False,154
invoices/FACTU2021120053.jpg,FACTU2021120053.jpg,image/jpeg,1,train,False,120
invoices/FACTU2021120054.jpg,FACTU2021120054.jpg,image/jpeg,1,train,False,160
invoices/FACTU2021120055.jpg,FACTU2021120055.jpg,image/jpeg,1,train,False,132
invoices/FACTU2022010041.jpg,FACTU2022010041.jpg,image/jpeg,1,train,False,72
invoices/FACTU2022010042.jpg,FACTU2022010042.jpg,image/jpeg,1,train,False,132
invoices/FACTU2022010043.jpg,FACTU2022010043.jpg,image/jpeg,1,train,False,171
invoices/FACTU2022010046.jpg,FACTU2022010046.jpg,image/jpeg,1,train,False,48
invoices/FACTU2022010048.jpg,FACTU2022010048.jpg,image/jpeg,1,train,False,142
invoices/FACTU2022010049.jpg,FACTU2022010049.jpg,image/jpeg,1,train,False,121
invoices/FACTU2022010050.jpg,FACTU2022010050.jpg,image/jpeg,1,train,False,114
invoices/FACTU2022010051.jpg,FACTU2022010051.jpg,image/jpeg,1,train,False,99
invoices/FACTU2022010052.jpg,FACTU2022010052.jpg,image/jpeg,1,train,False,96
random/doc_001.pdf,doc_001.pdf,application/pdf,0,train,True,102
random/doc_002.pdf,doc_002.pdf,application/pdf,0,test,True,100
random/doc_003.pdf,doc_003.pdf,application/pdf,0,train,True,80
random/doc_004.pdf,doc_004.pdf,application/pdf,0,train,True,502
random/doc_006.pdf,doc_006.pdf,application/pdf,0,train,True,29
random/doc_007.pdf,doc_007.pdf,application/pdf,0,train,False,0
random/doc_008.pdf,doc_008.pdf,application/pdf,0,train,False,0
random/doc_009.pdf,doc_009.pdf,application/pdf,0,train,True,1
random/doc_010.pdf,doc_010.pdf,application/pdf,0,train,False,0
random/doc_011.pdf,doc_011.pdf,application/pdf,0,train,True,1
random/doc_012.pdf,doc_012.pdf,application/pdf,0,train,True,13
random/doc_013.pdf,doc_013.pdf,application/pdf,0,train,True,13
random/doc_014.pdf,doc_014.pdf,application/pdf,0,train,True,4
random/doc_015.pdf,doc_015.pdf,application/pdf,0,test,True,175
random/doc_016.pdf,doc_016.pdf,application/pdf,0,train,True,18
random/doc_017.pdf,doc_017.pdf,application/pdf,0,train,True,7
random/doc_018.pdf,doc_018.pdf,application/pdf,0,train,True,29
random/doc_019.pdf,doc_019.pdf,application/pdf,0,train,True,8
random/doc_020.pdf,doc_020.pdf,application/pdf,0,train,True,8
random/doc_021.pdf,doc_021.pdf,application/pdf,0,train,True,8
random/doc_022.pdf,doc_022.pdf,application/pdf,0,test,True,8
random/doc_024.pdf,doc_024.pdf,application/pdf,0,test,True,10
random/doc_025.pdf,doc_025.pdf,application/pdf,0,train,False,0
random/doc_026.pdf,doc_026.pdf,application/pdf,0,train,True,2
random/doc_027.pdf,doc_027.pdf,application/pdf,0,train,True,170
random/doc_028.pdf,doc_028.pdf,application/pdf,0,train,True,5
random/doc_030.pdf,doc_030.pdf,application/pdf,0,train,True,8
random/doc_031.pdf,doc_031.pdf,application/pdf,0,train,True,102
random/doc_032.pdf,doc_032.pdf,application/pdf,0,train,True,504
random/doc_033.pdf,doc_033.pdf,application/pdf,0,train,True,20
random/doc_034.pdf,doc_034.pdf,application/pdf,0,train,True,4
random/doc_035.pdf,doc_035.pdf,application/pdf,0,train,True,12
random/lookalike_bank_statement_017.pdf,lookalike_bank_statement_017.pdf,application/pdf,0,train,True,177
random/lookalike_bank_statement_046.pdf,lookalike_bank_statement_046.pdf,application/pdf,0,train,True,181
random/lookalike_bank_statement_068.pdf,lookalike_bank_statement_068.pdf,application/pdf,0,test,True,213
random/lookalike_bank_statement_071.pdf,lookalike_bank_statement_071.pdf,application/pdf,0,train,True,187
random/lookalike_bank_statement_081.docx,lookalike_bank_statement_081.docx,application/vnd.openxmlformats-officedocument.wordprocessingml.document,0,train,True,152
random/lookalike_bank_statement_095.pdf,lookalike_bank_statement_095.pdf,application/pdf,0,train,True,184
random/lookalike_bank_statement_120.docx,lookalike_bank_statement_120.docx,application/vnd.openxmlformats-officedocument.wordprocessingml.document,0,train,True,139
random/lookalike_bank_statement_129.pdf,lookalike_bank_statement_129.pdf,application/pdf,0,train,True,182
random/lookalike_bank_statement_133.pdf,lookalike_bank_statement_133.pdf,application/pdf,0,train,True,169
random/lookalike_bank_statement_138.docx,lookalike_bank_statement_138.docx,application/vnd.openxmlformats-officedocument.wordprocessingml.document,0,train,True,187
random/lookalike_bank_statement_147.pdf,lookalike_bank_statement_147.pdf,application/pdf,0,train,True,177
random/lookalike_bank_statement_152.pdf,lookalike_bank_statement_152.pdf,application/pdf,0,test,True,159
random/lookalike_bank_statement_157.pdf,lookalike_bank_statement_157.pdf,application/pdf,0,train,True,185
random/lookalike_bank_statement_161.pdf,lookalike_bank_statement_161.pdf,application/pdf,0,train,True,180
random/lookalike_bank_statement_166.pdf,lookalike_bank_statement_166.pdf,application/pdf,0,train,True,210
random/lookalike_bank_statement_181.pdf,lookalike_bank_statement_181.pdf,application/pdf,0,train,True,190
random/lookalike_bank_statement_197.pdf,lookalike_bank_statement_197.pdf,application/pdf,0,test,True,213
random/lookalike_bank_statement_198.pdf,lookalike_bank_statement_198.pdf,application/pdf,0,test,True,150
random/lookalike_credit_application_011.docx,lookalike_credit_application_011.docx,application/vnd.openxmlformats-officedocument.wordprocessingml.document,0,test,True,107
random/lookalike_credit_application_042.pdf,lookalike_credit_application_042.pdf,application/pdf,0,train,True,126
random/lookalike_credit_application_052.pdf,lookalike_credit_application_052.pdf,application/pdf,0,test,True,139
random/lookalike_credit_application_054.docx,lookalike_credit_application_054.docx,application/vnd.openxmlformats-officedocument.wordprocessingml.document,0,test,True,115
random/lookalike_credit_application_057.pdf,lookalike_credit_application_057.pdf,application/pdf,0,test,True,130
random/lookalike_credit_application_062.pdf,lookalike_credit_application_062.pdf,application/pdf,0,train,True,133
random/lookalike_credit_application_080.pdf,lookalike_credit_application_080.pdf,application/pdf,0,train,True,122
random/lookalike_credit_application_090.pdf,lookalike_credit_application_090.pdf,application/pdf,0,train,True,129
random/lookalike_credit_application_094.pdf,lookalike_credit_application_094.pdf,application/pdf,0,test,True,140
random/lookalike_credit_application_105.docx,lookalike_credit_application_105.docx,application/vnd.openxmlformats-officedocument.wordprocessingml.document,0,train,True,140
random/lookalike_credit_application_111.pdf,lookalike_credit_application_111.pdf,application/pdf,0,train,True,127
random/lookalike_credit_application_116.pdf,lookalike_credit_application_116.pdf,application/pdf,0,train,True,131
random/lookalike_credit_application_135.docx,lookalike_credit_application_135.docx,application/vnd.openxmlformats-officedocument.wordprocessingml.document,0,train,True,119
random/lookalike_credit_application_140.docx,lookalike_credit_application_140.docx,application/vnd.openxmlformats-officedocument.wordprocessingml.document,0,train,True,139
random/lookalike_credit_application_150.pdf,lookalike_credit_application_150.pdf,application/pdf,0,train,True,138
random/lookalike_credit_application_162.pdf,lookalike_credit_application_162.pdf,application/pdf,0,train,True,138
random/lookalike_credit_application_184.pdf,lookalike_credit_application_184.pdf,application/pdf,0,train,True,125
random/lookalike_credit_application_191.pdf,lookalike_credit_application_191.pdf,application/pdf,0,train,True,127
random/lookalike_credit_application_203.pdf,lookalike_credit_application_203.pdf,application/pdf,0,train,True,136
random/lookalike_credit_application_204.pdf,lookalike_credit_application_204.pdf,application/pdf,0,train,True,133
random/lookalike_credit_application_213.pdf,lookalike_credit_application_213.pdf,application/pdf,0,train,True,137
random/lookalike_delivery_note_004.pdf,lookalike_delivery_note_004.pdf,application/pdf,0,test,True,145
random/lookalike_delivery_note_007.docx,lookalike_delivery_note_007.docx,application/vnd.openxmlformats-officedocument.wordprocessingml.document,0,train,True,159
random/lookalike_delivery_note_009.docx,lookalike_delivery_note_009.docx,application/vnd.openxmlformats-officedocument.wordprocessingml.document,0,train,True,155
random/lookalike_delivery_note_010.pdf,lookalike_delivery_note_010.pdf,application/pdf,0,train,True,117
random/lookalike_delivery_note_014.pdf,lookalike_delivery_note_014.pdf,application/pdf,0,train,True,160
random/lookalike_delivery_note_015.docx,lookalike_delivery_note_015.docx,application/vnd.openxmlformats-officedocument.wordprocessingml.document,0,train,True,147
random/lookalike_delivery_note_021.docx,lookalike_delivery_note_021.docx,application/vnd.openxmlformats-officedocument.wordprocessingml.document,0,train,True,137
random/lookalike_delivery_note_029.pdf,lookalike_delivery_note_029.pdf,application/pdf,0,train,True,172
random/lookalike_delivery_note_031.docx,lookalike_delivery_note_031.docx,application/vnd.openxmlformats-officedocument.wordprocessingml.document,0,train,True,113
random/lookalike_delivery_note_039.pdf,lookalike_delivery_note_039.pdf,application/pdf,0,test,True,156
random/lookalike_delivery_note_050.docx,lookalike_delivery_note_050.docx,application/vnd.openxmlformats-officedocument.wordprocessingml.document,0,train,True,111
random/lookalike_delivery_note_056.docx,lookalike_delivery_note_056.docx,application/vnd.openxmlformats-officedocument.wordprocessingml.document,0,train,True,112
random/lookalike_delivery_note_072.pdf,lookalike_delivery_note_072.pdf,application/pdf,0,train,True,124
random/lookalike_delivery_note_089.pdf,lookalike_delivery_note_089.pdf,application/pdf,0,train,True,168
random/lookalike_delivery_note_102.docx,lookalike_delivery_note_102.docx,application/vnd.openxmlformats-officedocument.wordprocessingml.document,0,train,True,124
random/lookalike_delivery_note_109.pdf,lookalike_delivery_note_109.pdf,application/pdf,0,train,True,138
random/lookalike_delivery_note_113.pdf,lookalike_delivery_note_113.pdf,application/pdf,0,test,True,117
random/lookalike_delivery_note_119.docx,lookalike_delivery_note_119.docx,application/vnd.openxmlformats-officedocument.wordprocessingml.document,0,test,True,135
random/lookalike_delivery_note_125.pdf,lookalike_delivery_note_125.pdf,application/pdf,0,train,True,144
random/lookalike_delivery_note_141.docx,lookalike_delivery_note_141.docx,application/vnd.openxmlformats-officedocument.wordprocessingml.document,0,train,True,131
random/lookalike_delivery_note_160.pdf,lookalike_delivery_note_160.pdf,application/pdf,0,test,True,126
random/lookalike_delivery_note_169.pdf,lookalike_delivery_note_169.pdf,application/pdf,0,train,True,146
random/lookalike_delivery_note_175.pdf,lookalike_delivery_note_175.pdf,application/pdf,0,train,True,130
random/lookalike_delivery_note_188.docx,lookalike_delivery_note_188.docx,application/vnd.openxmlformats-officedocument.wordprocessingml.document,0,train,True,119
random/lookalike_delivery_note_194.pdf,lookalike_delivery_note_194.pdf,application/pdf,0,train,True,162
random/lookalike_delivery_note_200.docx,lookalike_delivery_note_200.docx,application/vnd.openxmlformats-officedocument.wordprocessingml.document,0,train,True,141
random/lookalike_delivery_note_208.docx,lookalike_delivery_note_208.docx,application/vnd.openxmlformats-officedocument.wordprocessingml.document,0,train,True,105
random/lookalike_expense_report_001.pdf,lookalike_expense_report_001.pdf,application/pdf,0,train,True,166
random/lookalike_expense_report_005.pdf,lookalike_expense_report_005.pdf,application/pdf,0,test,True,170
random/lookalike_expense_report_006.pdf,lookalike_expense_report_006.pdf,application/pdf,0,train,True,130
random/lookalike_expense_report_013.docx,lookalike_expense_report_013.docx,application/vnd.openxmlformats-officedocument.wordprocessingml.document,0,train,True,169
random/lookalike_expense_report_018.pdf,lookalike_expense_report_018.pdf,application/pdf,0,test,True,161
random/lookalike_expense_report_027.docx,lookalike_expense_report_027.docx,application/vnd.openxmlformats-officedocument.wordprocessingml.document,0,train,True,156
random/lookalike_expense_report_040.pdf,lookalike_expense_report_040.pdf,application/pdf,0,train,True,180
random/lookalike_expense_report_043.pdf,lookalike_expense_report_043.pdf,application/pdf,0,test,True,144
random/lookalike_expense_report_044.pdf,lookalike_expense_report_044.pdf,application/pdf,0,test,True,126
random/lookalike_expense_report_082.pdf,lookalike_expense_report_082.pdf,application/pdf,0,train,True,117
random/lookalike_expense_report_084.pdf,lookalike_expense_report_084.pdf,application/pdf,0,train,True,152
random/lookalike_expense_report_100.pdf,lookalike_expense_report_100.pdf,application/pdf,0,train,True,172
random/lookalike_expense_report_107.pdf,lookalike_expense_report_107.pdf,application/pdf,0,train,True,178
random/lookalike_expense_report_108.pdf,lookalike_expense_report_108.pdf,application/pdf,0,train,True,144
random/lookalike_expense_report_130.docx,lookalike_expense_report_130.docx,application/vnd.openxmlformats-officedocument.wordprocessingml.document,0,train,True,176
random/lookalike_expense_report_131.pdf,lookalike_expense_report_131.pdf,application/pdf,0,train,True,162
random/lookalike_expense_report_137.pdf,lookalike_expense_report_137.pdf,application/pdf,0,train,True,146
random/lookalike_expense_report_139.pdf,lookalike_expense_report_139.pdf,application/pdf,0,train,True,142
random/lookalike_expense_report_145.pdf,lookalike_expense_report_145.pdf,application/pdf,0,train,True,162
random/lookalike_expense_report_148.pdf,lookalike_expense_report_148.pdf,application/pdf,0,train,True,154
random/lookalike_expense_report_155.pdf,lookalike_expense_report_155.pdf,application/pdf,0,train,True,152
random/lookalike_expense_report_158.pdf,lookalike_expense_report_158.pdf,application/pdf,0,train,True,121
random/lookalike_expense_report_164.pdf,lookalike_expense_report_164.pdf,application/pdf,0,train,True,122
random/lookalike_expense_report_177.pdf,lookalike_expense_report_177.pdf,application/pdf,0,test,True,157
random/lookalike_expense_report_178.pdf,lookalike_expense_report_178.pdf,application/pdf,0,train,True,154
random/lookalike_expense_report_186.pdf,lookalike_expense_report_186.pdf,application/pdf,0,train,True,175
random/lookalike_expense_report_189.docx,lookalike_expense_report_189.docx,application/vnd.openxmlformats-officedocument.wordprocessingml.document,0,train,True,119
random/lookalike_expense_report_199.pdf,lookalike_expense_report_199.pdf,application/pdf,0,train,True,158
random/lookalike_expense_report_201.docx,lookalike_expense_report_201.docx,application/vnd.openxmlformats-officedocument.wordprocessingml.document,0,train,True,145
random/lookalike_expense_report_214.pdf,lookalike_expense_report_214.pdf,application/pdf,0,train,True,129
random/lookalike_payslip_032.docx,lookalike_payslip_032.docx,application/vnd.openxmlformats-officedocument.wordprocessingml.document,0,train,True,103
random/lookalike_payslip_035.pdf,lookalike_payslip_035.pdf,application/pdf,0,train,True,114
random/lookalike_payslip_045.pdf,lookalike_payslip_045.pdf,application/pdf,0,test,True,115
random/lookalike_payslip_060.pdf,lookalike_payslip_060.pdf,application/pdf,0,train,True,110
random/lookalike_payslip_070.docx,lookalike_payslip_070.docx,application/vnd.openxmlformats-officedocument.wordprocessingml.document,0,train,True,108
random/lookalike_payslip_073.docx,lookalike_payslip_073.docx,application/vnd.openxmlformats-officedocument.wordprocessingml.document,0,train,True,126
random/lookalike_payslip_098.pdf,lookalike_payslip_098.pdf,application/pdf,0,test,True,124
random/lookalike_payslip_103.pdf,lookalike_payslip_103.pdf,application/pdf,0,train,True,112
random/lookalike_payslip_104.pdf,lookalike_payslip_104.pdf,application/pdf,0,train,True,115
random/lookalike_payslip_115.docx,lookalike_payslip_115.docx,application/vnd.openxmlformats-officedocument.wordprocessingml.document,0,train,True,122
random/lookalike_payslip_121.pdf,lookalike_payslip_121.pdf,application/pdf,0,train,True,115
random/lookalike_payslip_134.pdf,lookalike_payslip_134.pdf,application/pdf,0,train,True,113
random/lookalike_payslip_143.pdf,lookalike_payslip_143.pdf,application/pdf,0,train,True,109
random/lookalike_payslip_146.pdf,lookalike_payslip_146.pdf,application/pdf,0,train,True,114
random/lookalike_payslip_151.docx,lookalike_payslip_151.docx,application/vnd.openxmlformats-officedocument.wordprocessingml.document,0,train,True,106
random/lookalike_payslip_153.pdf,lookalike_payslip_153.pdf,application/pdf,0,train,True,110
random/lookalike_payslip_159.pdf,lookalike_payslip_159.pdf,application/pdf,0,train,True,126
random/lookalike_payslip_173.pdf,lookalike_payslip_173.pdf,application/pdf,0,train,True,116
random/lookalike_payslip_187.docx,lookalike_payslip_187.docx,application/vnd.openxmlformats-officedocument.wordprocessingml.document,0,train,True,95
random/lookalike_payslip_193.pdf,lookalike_payslip_193.pdf,application/pdf,0,train,True,112
random/lookalike_payslip_212.docx,lookalike_payslip_212.docx,application/vnd.openxmlformats-officedocument.wordprocessingml.document,0,train,True,97
random/lookalike_payslip_215.docx,lookalike_payslip_215.docx,application/vnd.openxmlformats-officedocument.wordprocessingml.document,0,test,True,104
random/lookalike_purchase_order_012.pdf,lookalike_purchase_order_012.pdf,application/pdf,0,train,True,166
random/lookalike_purchase_order_022.pdf,lookalike_purchase_order_022.pdf,application/pdf,0,test,True,148
random/lookalike_purchase_order_026.docx,lookalike_purchase_order_026.docx,application/vnd.openxmlformats-officedocument.wordprocessingml.document,0,train,True,116
random/lookalike_purchase_order_028.pdf,lookalike_purchase_order_028.pdf,application/pdf,0,train,True,153
random/lookalike_purchase_order_030.pdf,lookalike_purchase_order_030.pdf,application/pdf,0,train,True,172
random/lookalike_purchase_order_041.pdf,lookalike_purchase_order_041.pdf,application/pdf,0,train,True,190
random/lookalike_purchase_order_055.pdf,lookalike_purchase_order_055.pdf,application/pdf,0,train,True,141
random/lookalike_purchase_order_058.pdf,lookalike_purchase_order_058.pdf,application/pdf,0,train,True,142
random/lookalike_purchase_order_059.pdf,lookalike_purchase_order_059.pdf,application/pdf,0,train,True,143
random/lookalike_purchase_order_063.pdf,lookalike_purchase_order_063.pdf,application/pdf,0,train,True,142
random/lookalike_purchase_order_074.pdf,lookalike_purchase_order_074.pdf,application/pdf,0,test,True,173
random/lookalike_purchase_order_088.docx,lookalike_purchase_order_088.docx,application/vnd.openxmlformats-officedocument.wordprocessingml.document,0,test,True,129
random/lookalike_purchase_order_097.pdf,lookalike_purchase_order_097.pdf,application/pdf,0,train,True,149
random/lookalike_purchase_order_099.pdf,lookalike_purchase_order_099.pdf,application/pdf,0,train,True,152
random/lookalike_purchase_order_110.pdf,lookalike_purchase_order_110.pdf,application/pdf,0,train,True,197
random/lookalike_purchase_order_122.pdf,lookalike_purchase_order_122.pdf,application/pdf,0,train,True,163
random/lookalike_purchase_order_126.pdf,lookalike_purchase_order_126.pdf,application/pdf,0,test,True,148
random/lookalike_purchase_order_144.docx,lookalike_purchase_order_144.docx,application/vnd.openxmlformats-officedocument.wordprocessingml.document,0,train,True,137
random/lookalike_purchase_order_149.pdf,lookalike_purchase_order_149.pdf,application/pdf,0,train,True,190
random/lookalike_purchase_order_168.pdf,lookalike_purchase_order_168.pdf,application/pdf,0,test,True,148
random/lookalike_purchase_order_176.pdf,lookalike_purchase_order_176.pdf,application/pdf,0,train,True,118
random/lookalike_purchase_order_179.pdf,lookalike_purchase_order_179.pdf,application/pdf,0,train,True,177
random/lookalike_purchase_order_202.pdf,lookalike_purchase_order_202.pdf,application/pdf,0,train,True,123
random/lookalike_quotation_033.docx,lookalike_quotation_033.docx,application/vnd.openxmlformats-officedocument.wordprocessingml.document,0,train,True,143
random/lookalike_quotation_034.pdf,lookalike_quotation_034.pdf,application/pdf,0,test,True,119
random/lookalike_quotation_036.docx,lookalike_quotation_036.docx,application/vnd.openxmlformats-officedocument.wordprocessingml.document,0,train,True,116
random/lookalike_quotation_047.pdf,lookalike_quotation_047.pdf,application/pdf,0,train,True,179
random/lookalike_quotation_053.pdf,lookalike_quotation_053.pdf,application/pdf,0,train,True,159
random/lookalike_quotation_061.pdf,lookalike_quotation_061.pdf,application/pdf,0,train,True,149
random/lookalike_quotation_064.pdf,lookalike_quotation_064.pdf,application/pdf,0,train,True,146
random/lookalike_quotation_065.pdf,lookalike_quotation_065.pdf,application/pdf,0,train,True,137
random/lookalike_quotation_066.pdf,lookalike_quotation_066.pdf,application/pdf,0,train,True,145
random/lookalike_quotation_075.docx,lookalike_quotation_075.docx,application/vnd.openxmlformats-officedocument.wordprocessingml.document,0,train,True,121
random/lookalike_quotation_076.pdf,lookalike_quotation_076.pdf,application/pdf,0,train,True,163
random/lookalike_quotation_077.pdf,lookalike_quotation_077.pdf,application/pdf,0,train,True,139
random/lookalike_quotation_079.pdf,lookalike_quotation_079.pdf,application/pdf,0,train,True,160
random/lookalike_quotation_086.pdf,lookalike_quotation_086.pdf,application/pdf,0,train,True,115
random/lookalike_quotation_091.pdf,lookalike_quotation_091.pdf,application/pdf,0,test,True,163
random/lookalike_quotation_106.docx,lookalike_quotation_106.docx,application/vnd.openxmlformats-officedocument.wordprocessingml.document,0,test,True,137
random/lookalike_quotation_117.docx,lookalike_quotation_117.docx,application/vnd.openxmlformats-officedocument.wordprocessingml.document,0,test,True,142
random/lookalike_quotation_124.pdf,lookalike_quotation_124.pdf,application/pdf,0,test,True,157
random/lookalike_quotation_127.pdf,lookalike_quotation_127.pdf,application/pdf,0,test,True,178
random/lookalike_quotation_132.docx,lookalike_quotation_132.docx,application/vnd.openxmlformats-officedocument.wordprocessingml.document,0,train,True,141
random/lookalike_quotation_154.pdf,lookalike_quotation_154.pdf,application/pdf,0,train,True,142
random/lookalike_quotation_163.pdf,lookalike_quotation_163.pdf,application/pdf,0,train,True,124
random/lookalike_quotation_167.pdf,lookalike_quotation_167.pdf,application/pdf,0,train,True,112
random/lookalike_quotation_170.pdf,lookalike_quotation_170.pdf,application/pdf,0,train,True,138
random/lookalike_quotation_172.docx,lookalike_quotation_172.docx,application/vnd.openxmlformats-officedocument.wordprocessingml.document,0,train,True,134
random/lookalike_quotation_180.docx,lookalike_quotation_180.docx,application/vnd.openxmlformats-officedocument.wordprocessingml.document,0,train,True,135
random/lookalike_quotation_209.docx,lookalike_quotation_209.docx,application/vnd.openxmlformats-officedocument.wordprocessingml.document,0,train,True,124
random/lookalike_quotation_210.pdf,lookalike_quotation_210.pdf,application/pdf,0,train,True,163
random/lookalike_quotation_211.pdf,lookalike_quotation_211.pdf,application/pdf,0,test,True,180
random/lookalike_remittance_016.docx,lookalike_remittance_016.docx,application/vnd.openxmlformats-officedocument.wordprocessingml.document,0,train,True,120
random/lookalike_remittance_019.pdf,lookalike_remittance_019.pdf,application/pdf,0,train,True,106
random/lookalike_remittance_020.pdf,lookalike_remittance_020.pdf,application/pdf,0,train,True,123
random/lookalike_remittance_024.pdf,lookalike_remittance_024.pdf,application/pdf,0,test,True,93
random/lookalike_remittance_025.pdf,lookalike_remittance_025.pdf,application/pdf,0,train,True,126
random/lookalike_remittance_037.pdf,lookalike_remittance_037.pdf,application/pdf,0,test,True,110
random/lookalike_remittance_038.pdf,lookalike_remittance_038.pdf,application/pdf,0,train,True,146
random/lookalike_remittance_067.pdf,lookalike_remittance_067.pdf,application/pdf,0,train,True,99
random/lookalike_remittance_078.pdf,lookalike_remittance_078.pdf,application/pdf,0,train,True,103
random/lookalike_remittance_087.docx,lookalike_remittance_087.docx,application/vnd.openxmlformats-officedocument.wordprocessingml.document,0,train,True,98
random/lookalike_remittance_092.pdf,lookalike_remittance_092.pdf,application/pdf,0,test,True,94
random/lookalike_remittance_118.docx,lookalike_remittance_118.docx,application/vnd.openxmlformats-officedocument.wordprocessingml.document,0,train,True,115
random/lookalike_remittance_128.pdf,lookalike_remittance_128.pdf,application/pdf,0,test,True,104
random/lookalike_remittance_183.pdf,lookalike_remittance_183.pdf,application/pdf,0,train,True,114
random/lookalike_remittance_185.pdf,lookalike_remittance_185.pdf,application/pdf,0,train,True,119
random/lookalike_remittance_195.pdf,lookalike_remittance_195.pdf,application/pdf,0,test,True,157
random/lookalike_remittance_205.pdf,lookalike_remittance_205.pdf,application/pdf,0,train,True,120
random/lookalike_remittance_206.docx,lookalike_remittance_206.docx,application/vnd.openxmlformats-officedocument.wordprocessingml.document,0,train,True,126
random/lookalike_remittance_207.pdf,lookalike_remittance_207.pdf,application/pdf,0,train,True,110
random/lookalike_timesheet_002.docx,lookalike_timesheet_002.docx,application/vnd.openxmlformats-officedocument.wordprocessingml.document,0,train,True,157
random/lookalike_timesheet_003.pdf,lookalike_timesheet_003.pdf,application/pdf,0,train,True,171
random/lookalike_timesheet_008.pdf,lookalike_timesheet_008.pdf,application/pdf,0,train,True,177
random/lookalike_timesheet_023.pdf,lookalike_timesheet_023.pdf,application/pdf,0,train,True,138
random/lookalike_timesheet_048.docx,lookalike_timesheet_048.docx,application/vnd.openxmlformats-officedocument.wordprocessingml.document,0,train,True,168
random/lookalike_timesheet_049.pdf,lookalike_timesheet_049.pdf,application/pdf,0,train,True,185
random/lookalike_timesheet_051.pdf,lookalike_timesheet_051.pdf,application/pdf,0,train,True,178
random/lookalike_timesheet_069.pdf,lookalike_timesheet_069.pdf,application/pdf,0,train,True,191
random/lookalike_timesheet_083.pdf,lookalike_timesheet_083.pdf,application/pdf,0,train,True,127
random/lookalike_timesheet_085.docx,lookalike_timesheet_085.docx,application/vnd.openxmlformats-officedocument.wordprocessingml.document,0,train,True,150
random/lookalike_timesheet_093.docx,lookalike_timesheet_093.docx,application/vnd.openxmlformats-officedocument.wordprocessingml.document,0,train,True,183
random/lookalike_timesheet_096.docx,lookalike_timesheet_096.docx,application/vnd.openxmlformats-officedocument.wordprocessingml.document,0,train,True,140
random/lookalike_timesheet_101.docx,lookalike_timesheet_101.docx,application/vnd.openxmlformats-officedocument.wordprocessingml.document,0,train,True,204
random/lookalike_timesheet_112.pdf,lookalike_timesheet_112.pdf,application/pdf,0,train,True,150
random/lookalike_timesheet_114.pdf,lookalike_timesheet_114.pdf,application/pdf,0,test,True,154
random/lookalike_timesheet_123.pdf,lookalike_timesheet_123.pdf,application/pdf,0,train,True,148
random/lookalike_timesheet_136.pdf,lookalike_timesheet_136.pdf,application/pdf,0,train,True,180
random/lookalike_timesheet_142.docx,lookalike_timesheet_142.docx,application/vnd.openxmlformats-officedocument.wordprocessingml.document,0,train,True,176
random/lookalike_timesheet_156.pdf,lookalike_timesheet_156.pdf,application/pdf,0,train,True,180
random/lookalike_timesheet_165.pdf,lookalike_timesheet_165.pdf,application/pdf,0,train,True,173
random/lookalike_timesheet_171.pdf,lookalike_timesheet_171.pdf,application/pdf,0,test,True,146
random/lookalike_timesheet_174.docx,lookalike_timesheet_174.docx,application/vnd.openxmlformats-officedocument.wordprocessingml.document,0,train,True,192
random/lookalike_timesheet_182.pdf,lookalike_timesheet_182.pdf,application/pdf,0,test,True,147
random/lookalike_timesheet_190.pdf,lookalike_timesheet_190.pdf,application/pdf,0,train,True,181
random/lookalike_timesheet_192.pdf,lookalike_timesheet_192.pdf,application/pdf,0,train,True,168
random/lookalike_timesheet_196.pdf,lookalike_timesheet_196.pdf,application/pdf,0,train,True,173
random/receipt_001.jpg,receipt_001.jpg,image/jpeg,0,train,False,106
random/receipt_002.jpg,receipt_002.jpg,image/jpeg,0,train,False,4
random/receipt_003.jpg,receipt_003.jpg,image/jpeg,0,train,False,165
random/receipt_004.jpg,receipt_004.jpg,image/jpeg,0,train,False,130
random/receipt_005.jpg,receipt_005.jpg,image/jpeg,0,test,False,72
random/receipt_006.jpg,receipt_006.jpg,image/jpeg,0,test,False,95
random/receipt_007.jpg,receipt_007.jpg,image/jpeg,0,train,False,167
random/receipt_008.jpg,receipt_008.jpg,image/jpeg,0,train,False,101
random/receipt_009.jpg,receipt_009.jpg,image/jpeg,0,train,False,95
random/receipt_010.jpg,receipt_010.jpg,image/jpeg,0,train,False,93
random/receipt_011.jpg,receipt_011.jpg,image/jpeg,0,test,False,93
random/receipt_012.jpg,receipt_012.jpg,image/jpeg,0,train,False,146
random/receipt_013.jpg,receipt_013.jpg,image/jpeg,0,test,False,114
random/receipt_014.jpg,receipt_014.jpg,image/jpeg,0,train,False,105
random/receipt_015.jpg,receipt_015.jpg,image/jpeg,0,train,False,104
random/receipt_016.jpg,receipt_016.jpg,image/jpeg,0,train,False,96
random/receipt_017.jpg,receipt_017.jpg,image/jpeg,0,test,False,169
random/receipt_018.jpg,receipt_018.jpg,image/jpeg,0,test,False,121
random/receipt_019.jpg,receipt_019.jpg,image/jpeg,0,train,False,99
random/receipt_020.jpg,receipt_020.jpg,image/jpeg,0,train,False,119
random/receipt_021.jpg,receipt_021.jpg,image/jpeg,0,train,False,88
random/receipt_022.jpg,receipt_022.jpg,image/jpeg,0,train,False,149
random/receipt_023.jpg,receipt_023.jpg,image/jpeg,0,test,False,1
random/receipt_024.jpg,receipt_024.jpg,image/jpeg,0,test,False,97
random/receipt_025.jpg,receipt_025.jpg,image/jpeg,0,train,False,136
random/receipt_026.jpg,receipt_026.jpg,image/jpeg,0,train,False,98
random/receipt_027.jpg,receipt_027.jpg,image/jpeg,0,test,False,175
random/receipt_028.jpg,receipt_028.jpg,image/jpeg,0,train,False,84
random/receipt_029.jpg,receipt_029.jpg,image/jpeg,0,train,False,111
random/receipt_030.jpg,receipt_030.jpg,image/jpeg,0,test,False,208
random/receipt_031.jpg,receipt_031.jpg,image/jpeg,0,train,False,112
random/receipt_032.jpg,receipt_032.jpg,image/jpeg,0,train,False,123
random/receipt_033.jpg,receipt_033.jpg,image/jpeg,0,train,False,152
random/receipt_034.jpg,receipt_034.jpg,image/jpeg,0,train,False,90
random/receipt_035.jpg,receipt_035.jpg,image/jpeg,0,train,False,78
random/receipt_036.jpg,receipt_036.jpg,image/jpeg,0,train,False,113
random/receipt_037.jpg,receipt_037.jpg,image/jpeg,0,train,False,10
random/receipt_038.jpg,receipt_038.jpg,image/jpeg,0,train,False,96
random/receipt_039.jpg,receipt_039.jpg,image/jpeg,0,train,False,84
random/receipt_040.jpg,receipt_040.jpg,image/jpeg,0,train,False,167
random/receipt_041.jpg,receipt_041.jpg,image/jpeg,0,train,False,98
random/receipt_042.jpg,receipt_042.jpg,image/jpeg,0,train,False,90
random/receipt_043.jpg,receipt_043.jpg,image/jpeg,0,train,False,87
random/receipt_044.jpg,receipt_044.jpg,image/jpeg,0,train,False,114
random/receipt_045.jpg,receipt_045.jpg,image/jpeg,0,train,False,102
random/receipt_046.jpg,receipt_046.jpg,image/jpeg,0,train,False,108
random/receipt_047.jpg,receipt_047.jpg,image/jpeg,0,test,False,115
random/receipt_048.jpg,receipt_048.jpg,image/jpeg,0,train,False,97
random/receipt_049.jpg,receipt_049.jpg,image/jpeg,0,test,False,96
random/receipt_050.jpg,receipt_050.jpg,image/jpeg,0,train,False,124
random/receipt_051.jpg,receipt_051.jpg,image/jpeg,0,train,False,132
random/receipt_052.jpg,receipt_052.jpg,image/jpeg,0,train,False,82
random/receipt_053.jpg,receipt_053.jpg,image/jpeg,0,train,False,87
random/receipt_054.jpg,receipt_054.jpg,image/jpeg,0,train,False,173
random/receipt_055.jpg,receipt_055.jpg,image/jpeg,0,train,False,124
random/receipt_056.jpg,receipt_056.jpg,image/jpeg,0,train,False,94
random/receipt_057.jpg,receipt_057.jpg,image/jpeg,0,test,False,124
random/receipt_058.jpg,receipt_058.jpg,image/jpeg,0,train,False,91
random/receipt_059.jpg,receipt_059.jpg,image/jpeg,0,train,False,94
random/receipt_060.jpg,receipt_060.jpg,image/jpeg,0,test,False,83
random/receipt_061.jpg,receipt_061.jpg,image/jpeg,0,train,False,86
random/receipt_062.jpg,receipt_062.jpg,image/jpeg,0,test,False,85
random/receipt_063.jpg,receipt_063.jpg,image/jpeg,0,test,False,203
random/receipt_064.jpg,receipt_064.jpg,image/jpeg,0,train,False,69
random/receipt_065.jpg,receipt_065.jpg,image/jpeg,0,train,False,115
random/receipt_066.jpg,receipt_066.jpg,image/jpeg,0,train,False,97
random/receipt_067.jpg,receipt_067.jpg,image/jpeg,0,test,False,187
random/receipt_068.jpg,receipt_068.jpg,image/jpeg,0,train,False,85
random/receipt_069.jpg,receipt_069.jpg,image/jpeg,0,test,False,24
random/receipt_070.jpg,receipt_070.jpg,image/jpeg,0,train,False,133
random/receipt_071.jpg,receipt_071.jpg,image/jpeg,0,train,False,87
random/receipt_072.jpg,receipt_072.jpg,image/jpeg,0,train,False,90
random/receipt_073.jpg,receipt_073.jpg,image/jpeg,0,test,False,120
random/receipt_074.jpg,receipt_074.jpg,image/jpeg,0,train,False,104
random/receipt_075.jpg,receipt_075.jpg,image/jpeg,0,train,False,98
random/receipt_076.jpg,receipt_076.jpg,image/jpeg,0,train,False,117
random/receipt_077.jpg,receipt_077.jpg,image/jpeg,0,train,False,165
random/receipt_078.jpg,receipt_078.jpg,image/jpeg,0,train,False,119
random/receipt_079.jpg,receipt_079.jpg,image/jpeg,0,train,False,181
random/receipt_080.jpg,receipt_080.jpg,image/jpeg,0,train,False,126
random/receipt_081.jpg,receipt_081.jpg,image/jpeg,0,train,False,157
random/receipt_082.jpg,receipt_082.jpg,image/jpeg,0,test,False,119
random/receipt_083.jpg,receipt_083.jpg,image/jpeg,0,train,False,135
random/receipt_084.jpg,receipt_084.jpg,image/jpeg,0,test,False,28
random/receipt_085.jpg,receipt_085.jpg,image/jpeg,0,train,False,138
random/receipt_086.jpg,receipt_086.jpg,image/jpeg,0,train,False,114
random/receipt_087.jpg,receipt_087.jpg,image/jpeg,0,train,False,69
random/receipt_088.jpg,receipt_088.jpg,image/jpeg,0,train,False,90
random/receipt_089.jpg,receipt_089.jpg,image/jpeg,0,train,False,188
random/receipt_090.jpg,receipt_090.jpg,image/jpeg,0,train,False,118
random/receipt_091.jpg,receipt_091.jpg,image/jpeg,0,train,False,125
random/receipt_092.jpg,receipt_092.jpg,image/jpeg,0,train,False,122
random/receipt_093.jpg,receipt_093.jpg,image/jpeg,0,test,False,113
random/receipt_094.jpg,receipt_094.jpg,image/jpeg,0,train,False,12
random/receipt_095.jpg,receipt_095.jpg,image/jpeg,0,train,False,105
random/receipt_096.jpg,receipt_096.jpg,image/jpeg,0,train,False,96
random/receipt_097.jpg,receipt_097.jpg,image/jpeg,0,test,False,193
random/receipt_098.jpg,receipt_098.jpg,image/jpeg,0,test,False,134
random/receipt_099.jpg,receipt_099.jpg,image/jpeg,0,test,False,109
random/receipt_100.jpg,receipt_100.jpg,image/jpeg,0,train,False,208
random/receipt_101.jpg,receipt_101.jpg,image/jpeg,0,train,False,119
random/receipt_102.jpg,receipt_102.jpg,image/jpeg,0,test,False,80
random/receipt_103.jpg,receipt_103.jpg,image/jpeg,0,train,False,116
random/receipt_104.jpg,receipt_104.jpg,image/jpeg,0,test,False,64
random/receipt_105.jpg,receipt_105.jpg,image/jpeg,0,train,False,138
random/receipt_106.jpg,receipt_106.jpg,image/jpeg,0,train,False,134
random/receipt_107.jpg,receipt_107.jpg,image/jpeg,0,train,False,90
random/receipt_108.jpg,receipt_108.jpg,image/jpeg,0,train,False,67
random/receipt_109.jpg,receipt_109.jpg,image/jpeg,0,train,False,261
random/receipt_110.jpg,receipt_110.jpg,image/jpeg,0,train,False,137
random/receipt_111.jpg,receipt_111.jpg,image/jpeg,0,train,False,116
random/receipt_112.jpg,receipt_112.jpg,image/jpeg,0,train,False,106
random/receipt_113.jpg,receipt_113.jpg,image/jpeg,0,test,False,96
random/receipt_114.jpg,receipt_114.jpg,image/jpeg,0,train,False,101
random/receipt_115.jpg,receipt_115.jpg,image/jpeg,0,train,False,122
random/receipt_116.jpg,receipt_116.jpg,image/jpeg,0,train,False,150
random/receipt_117.jpg,receipt_117.jpg,image/jpeg,0,test,False,96
random/receipt_118.jpg,receipt_118.jpg,image/jpeg,0,train,False,100
random/receipt_119.jpg,receipt_119.jpg,image/jpeg,0,train,False,125
random/receipt_120.jpg,receipt_120.jpg,image/jpeg,0,test,False,98
random/receipt_121.jpg,receipt_121.jpg,image/jpeg,0,train,False,121
random/receipt_122.jpg,receipt_122.jpg,image/jpeg,0,train,False,125
random/receipt_123.jpg,receipt_123.jpg,image/jpeg,0,train,False,180
random/receipt_124.jpg,receipt_124.jpg,image/jpeg,0,train,False,136
random/receipt_125.jpg,receipt_125.jpg,image/jpeg,0,train,False,71
random/receipt_126.jpg,receipt_126.jpg,image/jpeg,0,test,False,202
random/receipt_127.jpg,receipt_127.jpg,image/jpeg,0,train,False,115
random/receipt_128.jpg,receipt_128.jpg,image/jpeg,0,train,False,144
random/receipt_129.jpg,receipt_129.jpg,image/jpeg,0,train,False,192
random/receipt_130.jpg,receipt_130.jpg,image/jpeg,0,train,False,92
random/receipt_131.jpg,receipt_131.jpg,image/jpeg,0,train,False,124
random/receipt_132.jpg,receipt_132.jpg,image/jpeg,0,train,False,190
random/receipt_133.jpg,receipt_133.jpg,image/jpeg,0,train,False,128
random/receipt_134.jpg,receipt_134.jpg,image/jpeg,0,train,False,105
random/receipt_135.jpg,receipt_135.jpg,image/jpeg,0,train,False,83
random/receipt_136.jpg,receipt_136.jpg,image/jpeg,0,train,False,85
random/receipt_137.jpg,receipt_137.jpg,image/jpeg,0,train,False,86
random/receipt_138.jpg,receipt_138.jpg,image/jpeg,0,train,False,108
random/receipt_139.jpg,receipt_139.jpg,image/jpeg,0,test,False,78
random/receipt_140.jpg,receipt_140.jpg,image/jpeg,0,train,False,170
random/receipt_141.jpg,receipt_141.jpg,image/jpeg,0,test,False,91
random/receipt_142.jpg,receipt_142.jpg,image/jpeg,0,train,False,90
random/receipt_143.jpg,receipt_143.jpg,image/jpeg,0,test,False,110
random/receipt_144.jpg,receipt_144.jpg,image/jpeg,0,train,False,128
random/receipt_145.jpg,receipt_145.jpg,image/jpeg,0,train,False,110
random/receipt_146.jpg,receipt_146.jpg,image/jpeg,0,train,False,153
random/receipt_147.jpg,receipt_147.jpg,image/jpeg,0,train,False,263
random/receipt_148.jpg,receipt_148.jpg,image/jpeg,0,train,False,104
random/receipt_149.jpg,receipt_149.jpg,image/jpeg,0,train,False,84
random/receipt_150.jpg,receipt_150.jpg,image/jpeg,0,train,False,105
random/receipt_151.jpg,receipt_151.jpg,image/jpeg,0,train,False,141
random/receipt_152.jpg,receipt_152.jpg,image/jpeg,0,train,False,148
random/receipt_153.jpg,receipt_153.jpg,image/jpeg,0,train,False,136
random/receipt_154.jpg,receipt_154.jpg,image/jpeg,0,train,False,122
random/receipt_155.jpg,receipt_155.jpg,image/jpeg,0,test,False,105
random/receipt_156.jpg,receipt_156.jpg,image/jpeg,0,train,False,71
random/receipt_157.jpg,receipt_157.jpg,image/jpeg,0,train,False,96
random/receipt_158.jpg,receipt_158.jpg,image/jpeg,0,train,False,132
random/receipt_159.jpg,receipt_159.jpg,image/jpeg,0,train,False,121
random/receipt_160.jpg,receipt_160.jpg,image/jpeg,0,train,False,96
random/receipt_161.jpg,receipt_161.jpg,image/jpeg,0,train,False,120
random/receipt_162.jpg,receipt_162.jpg,image/jpeg,0,train,False,92
random/receipt_163.jpg,receipt_163.jpg,image/jpeg,0,train,False,108
random/receipt_164.jpg,receipt_164.jpg,image/jpeg,0,train,False,91
random/receipt_165.jpg,receipt_165.jpg,image/jpeg,0,train,False,113
random/receipt_166.jpg,receipt_166.jpg,image/jpeg,0,train,False,102
random/receipt_167.jpg,receipt_167.jpg,image/jpeg,0,test,False,97
random/receipt_168.jpg,receipt_168.jpg,image/jpeg,0,train,False,120
random/receipt_169.jpg,receipt_169.jpg,image/jpeg,0,train,False,98
random/receipt_170.jpg,receipt_170.jpg,image/jpeg,0,train,False,183
random/receipt_171.jpg,receipt_171.jpg,image/jpeg,0,train,False,75
random/receipt_172.jpg,receipt_172.jpg,image/jpeg,0,train,False,132
random/receipt_173.jpg,receipt_173.jpg,image/jpeg,0,test,False,99
random/receipt_174.jpg,receipt_174.jpg,image/jpeg,0,train,False,95
random/receipt_175.jpg,receipt_175.jpg,image/jpeg,0,train,False,97
random/receipt_176.jpg,receipt_176.jpg,image/jpeg,0,train,False,134
random/receipt_177.jpg,receipt_177.jpg,image/jpeg,0,train,False,107
random/receipt_178.jpg,receipt_178.jpg,image/jpeg,0,train,False,110
random/receipt_179.jpg,receipt_179.jpg,image/jpeg,0,train,False,93
random/receipt_180.jpg,receipt_180.jpg,image/jpeg,0,train,False,108
random/receipt_181.jpg,receipt_181.jpg,image/jpeg,0,train,False,58
random/receipt_182.jpg,receipt_182.jpg,image/jpeg,0,train,False,325
random/receipt_183.jpg,receipt_183.jpg,image/jpeg,0,train,False,109
random/receipt_184.jpg,receipt_184.jpg,image/jpeg,0,train,False,91
random/receipt_185.jpg,receipt_185.jpg,image/jpeg,0,train,False,91
random/receipt_186.jpg,receipt_186.jpg,image/jpeg,0,train,False,21
random/receipt_187.jpg,receipt_187.jpg,image/jpeg,0,train,False,96
random/receipt_188.jpg,receipt_188.jpg,image/jpeg,0,train,False,110
random/receipt_189.jpg,receipt_189.jpg,image/jpeg,0,test,False,91
random/receipt_190.jpg,receipt_190.jpg,image/jpeg,0,train,False,66
random/receipt_191.jpg,receipt_191.jpg,image/jpeg,0,train,False,103
random/receipt_192.jpg,receipt_192.jpg,image/jpeg,0,test,False,185
random/receipt_193.jpg,receipt_193.jpg,image/jpeg,0,train,False,136
random/receipt_194.jpg,receipt_194.jpg,image/jpeg,0,train,False,99
random/receipt_195.jpg,receipt_195.jpg,image/jpeg,0,train,False,123
random/receipt_196.jpg,receipt_196.jpg,image/jpeg,0,train,False,100
random/receipt_197.jpg,receipt_197.jpg,image/jpeg,0,test,False,77
random/receipt_198.jpg,receipt_198.jpg,image/jpeg,0,train,False,112
random/receipt_199.jpg,receipt_199.jpg,image/jpeg,0,test,False,112
random/receipt_200.jpg,receipt_200.jpg,image/jpeg,0,train,False,96
random/receipt_201.jpg,receipt_201.jpg,image/jpeg,0,train,False,117
random/receipt_202.jpg,receipt_202.jpg,image/jpeg,0,train,False,89
random/receipt_203.jpg,receipt_203.jpg,image/jpeg,0,train,False,92
random/receipt_204.jpg,receipt_204.jpg,image/jpeg,0,train,False,91
random/receipt_205.jpg,receipt_205.jpg,image/jpeg,0,train,False,0
random/receipt_206.jpg,receipt_206.jpg,image/jpeg,0,train,False,92
random/receipt_207.jpg,receipt_207.jpg,image/jpeg,0,test,False,103
random/receipt_208.jpg,receipt_208.jpg,image/jpeg,0,test,False,120
random/receipt_209.jpg,receipt_209.jpg,image/jpeg,0,test,False,6
random/receipt_210.jpg,receipt_210.jpg,image/jpeg,0,train,False,220
random/receipt_211.jpg,receipt_211.jpg,image/jpeg,0,train,False,185
random/receipt_212.jpg,receipt_212.jpg,image/jpeg,0,test,False,0
random/receipt_213.jpg,receipt_213.jpg,image/jpeg,0,test,False,83
random/receipt_214.jpg,receipt_214.jpg,image/jpeg,0,train,False,110
random/receipt_215.jpg,receipt_215.jpg,image/jpeg,0,train,False,68
random/receipt_216.jpg,receipt_216.jpg,image/jpeg,0,train,False,94
random/receipt_217.jpg,receipt_217.jpg,image/jpeg,0,train,False,132
random/receipt_218.jpg,receipt_218.jpg,image/jpeg,0,train,False,101
random/receipt_219.jpg,receipt_219.jpg,image/jpeg,0,train,False,107
random/receipt_220.jpg,receipt_220.jpg,image/jpeg,0,test,False,119
random/receipt_221.jpg,receipt_221.jpg,image/jpeg,0,train,False,93
random/receipt_222.jpg,receipt_222.jpg,image/jpeg,0,train,False,224
random/receipt_223.jpg,receipt_223.jpg,image/jpeg,0,train,False,136
random/receipt_224.jpg,receipt_224.jpg,image/jpeg,0,test,False,86
random/receipt_225.jpg,receipt_225.jpg,image/jpeg,0,train,False,124
random/receipt_226.jpg,receipt_226.jpg,image/jpeg,0,train,False,123
random/receipt_227.jpg,receipt_227.jpg,image/jpeg,0,train,False,121
random/receipt_228.jpg,receipt_228.jpg,image/jpeg,0,train,False,110
random/receipt_229.jpg,receipt_229.jpg,image/jpeg,0,train,False,112
random/receipt_230.jpg,receipt_230.jpg,image/jpeg,0,train,False,56
random/receipt_231.jpg,receipt_231.jpg,image/jpeg,0,test,False,121
random/receipt_232.jpg,receipt_232.jpg,image/jpeg,0,train,False,112
random/receipt_233.jpg,receipt_233.jpg,image/jpeg,0,test,False,96
random/receipt_234.jpg,receipt_234.jpg,image/jpeg,0,train,False,76
random/receipt_235.jpg,receipt_235.jpg,image/jpeg,0,train,False,121
random/receipt_236.jpg,receipt_236.jpg,image/jpeg,0,train,False,161
random/receipt_237.jpg,receipt_237.jpg,image/jpeg,0,train,False,181
random/receipt_238.jpg,receipt_238.jpg,image/jpeg,0,train,False,138
random/receipt_239.jpg,receipt_239.jpg,image/jpeg,0,test,False,204
random/receipt_240.jpg,receipt_240.jpg,image/jpeg,0,train,False,107
random/receipt_241.jpg,receipt_241.jpg,image/jpeg,0,train,False,135
random/receipt_242.jpg,receipt_242.jpg,image/jpeg,0,train,False,135
random/receipt_243.jpg,receipt_243.jpg,image/jpeg,0,test,False,88
random/receipt_244.jpg,receipt_244.jpg,image/jpeg,0,train,False,151
random/receipt_245.jpg,receipt_245.jpg,image/jpeg,0,train,False,141
random/receipt_246.jpg,receipt_246.jpg,image/jpeg,0,train,False,111
random/receipt_247.jpg,receipt_247.jpg,image/jpeg,0,test,False,317
random/receipt_248.jpg,receipt_248.jpg,image/jpeg,0,train,False,74
random/receipt_249.jpg,receipt_249.jpg,image/jpeg,0,train,False,47
random/receipt_250.jpg,receipt_250.jpg,image/jpeg,0,test,False,143
